-- phpMyAdmin SQL Dump
-- version 4.6.5.2
-- https://www.phpmyadmin.net/
--
-- Client :  127.0.0.1
-- Généré le :  Mar 25 Septembre 2018 à 02:01
-- Version du serveur :  10.1.21-MariaDB
-- Version de PHP :  5.6.30

SET SQL_MODE = "NO_AUTO_VALUE_ON_ZERO";
SET time_zone = "+00:00";


/*!40101 SET @OLD_CHARACTER_SET_CLIENT=@@CHARACTER_SET_CLIENT */;
/*!40101 SET @OLD_CHARACTER_SET_RESULTS=@@CHARACTER_SET_RESULTS */;
/*!40101 SET @OLD_COLLATION_CONNECTION=@@COLLATION_CONNECTION */;
/*!40101 SET NAMES utf8mb4 */;

--
-- Base de données :  `objetsparles`
--

-- --------------------------------------------------------

--
-- Structure de la table `capteur`
--

CREATE TABLE `capteur` (
  `idcapteur` int(11) NOT NULL,
  `name` varchar(255) NOT NULL,
  `comments` varchar(255) DEFAULT NULL
) ENGINE=InnoDB DEFAULT CHARSET=utf8;

--
-- Contenu de la table `capteur`
--

INSERT INTO `capteur` (`idcapteur`, `name`, `comments`) VALUES
(4, 'Vanuatu', 'Alice as he spoke. \'UNimportant, of course, I.'),
(5, 'Saint Barthelemy', 'Queen will hear you! You see, she came suddenly.'),
(6, 'Moldova', 'Lobster Quadrille is!\' \'No, indeed,\' said Alice..'),
(7, 'Peru', 'If I or she should push the matter on, What.'),
(8, 'Kenya', 'Mock Turtle drew a long sleep you\'ve had!\' \'Oh,.'),
(9, 'Sierra Leone', 'Rabbit coming to look through into the air. Even.'),
(10, 'Finland', 'Alice alone with the glass table and the Queen.'),
(11, 'Benin', 'Alice watched the White Rabbit with pink eyes.'),
(12, 'Jordan', 'Alice\'s shoulder, and it set to partners--\'.'),
(13, 'Tanzania', 'The other guests had taken advantage of the day;.'),
(14, 'Guatemala', 'Pigeon went on, looking anxiously round to see.'),
(15, 'French Southern Territories', 'Caterpillar. \'Well, I shan\'t grow any more--As.'),
(16, 'Dominica', 'So you see, Miss, we\'re doing our best, afore.'),
(17, 'Chile', 'French mouse, come over with William the.'),
(18, 'Bhutan', 'CHAPTER X. The Lobster Quadrille is!\' \'No,.'),
(19, 'French Polynesia', 'There could be NO mistake about it: it was YOUR.'),
(20, 'Indonesia', 'All this time with the Lory, with a teacup in.'),
(21, 'Thailand', 'I\'ve had such a puzzled expression that she.'),
(22, 'Uganda', 'Alice, who felt very curious to know what it.'),
(23, 'Brunei Darussalam', 'Alice, in a low voice, \'Your Majesty must.'),
(24, 'Canada', 'I eat one of the court. All this time with one.'),
(25, 'Macao', 'Be off, or I\'ll kick you down stairs!\' \'That is.'),
(26, 'Norway', 'The jury all looked so grave that she was up to.'),
(27, 'Jamaica', 'Mock Turtle at last, more calmly, though still.'),
(28, 'Mexico', 'As there seemed to rise like a serpent. She had.'),
(32, 'Slovakia (Slovak Republic)', 'Latin Grammar, \'A mouse--of a mouse--to a.'),
(33, 'Mali', 'She said it to his ear. Alice considered a.'),
(34, 'Saint Vincent and the Grenadines', 'Alice, surprised at her hands, and began:-- \'You.'),
(35, 'Qatar', 'This did not like to be Involved in this way!.'),
(36, 'Grenada', 'Queen\'s hedgehog just now, only it ran away when.'),
(37, 'Austria', 'Bill\'s place for a minute or two. \'They couldn\'t.'),
(38, 'Greenland', 'Queen. \'You make me smaller, I suppose.\' So she.'),
(39, 'Suriname', 'DOTH THE LITTLE BUSY BEE,\" but it was perfectly.'),
(40, 'Guinea', 'Hatter went on again:-- \'You may not have lived.'),
(41, 'Burundi', 'The door led right into a large mushroom growing.'),
(42, 'Ecuador', 'I might venture to say but \'It belongs to a.'),
(43, 'Turkey', 'Two. Two began in a loud, indignant voice, but.'),
(44, 'Gabon', 'Seaography: then Drawling--the Drawling-master.'),
(45, 'Nigeria', 'Alice, seriously, \'I\'ll have nothing more to do.'),
(46, 'Cambodia', 'Poor Alice! It was the first figure!\' said the.'),
(47, 'Lao People\'s Democratic Republic', 'Majesty must cross-examine the next verse.\' \'But.'),
(48, 'Korea', 'As there seemed to quiver all over with.'),
(49, 'Ghana', 'Alice went on, \'you see, a dog growls when it\'s.'),
(50, 'Bulgaria', 'Alice had no idea what you\'re talking about,\'.'),
(51, 'Israel', 'Hatter; \'so I should like to show you! A little.'),
(52, 'Macedonia', 'This is the driest thing I know. Silence all.'),
(53, 'Namibia', 'And in she went. Once more she found herself in.'),
(54, 'Honduras', 'Footman. \'That\'s the first to speak. \'What size.'),
(55, 'Saint Kitts and Nevis', 'Come on!\' So they got thrown out to sea as you.'),
(56, 'Chad', 'Footman went on so long that they were all.'),
(60, 'Argentina', 'I will just explain to you never had to be rude,.'),
(61, 'Nicaragua', 'Said the mouse to the Gryphon. \'I\'ve forgotten.'),
(62, 'Togo', 'Alice, \'and if it makes me grow smaller, I.'),
(63, 'Guam', 'I ever was at the place where it had made. \'He.'),
(64, 'San Marino', 'Alice again. \'No, I didn\'t,\' said Alice:.'),
(65, 'Panama', 'Oh, I shouldn\'t want YOURS: I don\'t like them.'),
(66, 'Antigua and Barbuda', 'And he got up in a moment: she looked down at.'),
(67, 'Luxembourg', 'I--\' \'Oh, don\'t bother ME,\' said Alice a good.'),
(68, 'Puerto Rico', 'SIT down,\' the King very decidedly, and there.'),
(69, 'Mauritania', 'Gryphon, lying fast asleep in the other: the.'),
(70, 'Isle of Man', 'I could show you our cat Dinah: I think I could,.'),
(71, 'Netherlands Antilles', 'This seemed to follow, except a tiny little.'),
(72, 'Saint Martin', 'White Rabbit, with a table in the sun. (IF you.'),
(73, 'Bahamas', 'CHAPTER VIII. The Queen\'s argument was, that if.'),
(74, 'Lesotho', 'Alice, \'and those twelve creatures,\' (she was so.'),
(75, 'Rwanda', 'Alice, with a deep voice, \'What are you getting.'),
(76, 'Faroe Islands', 'Alice had begun to think about stopping herself.'),
(77, 'Holy See (Vatican City State)', 'The first question of course had to do it! Oh.'),
(78, 'Sweden', 'Caterpillar decidedly, and the shrill voice of.'),
(79, 'Tuvalu', 'WOULD not remember ever having seen such a.'),
(80, 'Czech Republic', 'SOME change in my time, but never ONE with such.'),
(81, 'Kiribati', 'I know!\' exclaimed Alice, who felt very glad to.'),
(82, 'Haiti', 'Gryphon interrupted in a bit.\' \'Perhaps it.'),
(83, 'Venezuela', 'Alice. \'Come on, then,\' said Alice, a little.'),
(84, 'Libyan Arab Jamahiriya', 'They were just beginning to get in?\' she.'),
(88, 'Estonia', 'Gryphon. \'Do you mean by that?\' said the.'),
(89, 'Dominican Republic', 'ME\' were beautifully marked in currants. \'Well,.'),
(90, 'Croatia', 'Alice\'s shoulder, and it was very glad to find.'),
(91, 'Cuba', 'Alice did not venture to go down--Here, Bill!.'),
(92, 'Italy', 'Mock Turtle sighed deeply, and drew the back of.'),
(93, 'Taiwan', 'Alice in a rather offended tone, and added with.'),
(94, 'Saint Lucia', 'Alice noticed, had powdered hair that curled all.'),
(95, 'Hong Kong', 'I don\'t keep the same height as herself; and.'),
(96, 'China', 'Alice, always ready to play croquet.\' Then they.'),
(97, 'Algeria', 'WOULD go with the tea,\' the March Hare.'),
(98, 'Mayotte', 'No room!\' they cried out when they saw her, they.'),
(99, 'Svalbard & Jan Mayen Islands', 'Duchess; \'I never heard it before,\' said the.'),
(100, 'Bangladesh', 'Dinah at you!\' There was nothing on it were nine.'),
(101, 'Albania', 'THESE?\' said the White Rabbit: it was her.'),
(102, 'Colombia', 'If they had at the mouth with strings: into this.'),
(103, 'Norfolk Island', 'Shall I try the effect: the next witness. It.'),
(104, 'Heard Island and McDonald Islands', 'King. On this the whole party at once and put.'),
(105, 'Marshall Islands', 'And so it was too much of it appeared. \'I don\'t.'),
(106, 'Andorra', 'The baby grunted again, and said, \'That\'s right,.'),
(107, 'Guernsey', 'Long Tale They were just beginning to feel very.'),
(108, 'French Guiana', 'Alice replied, rather shyly, \'I--I hardly know,.'),
(109, 'Hungary', 'Alice hastily replied; \'only one doesn\'t like.'),
(110, 'Cayman Islands', 'King say in a soothing tone: \'don\'t be angry.'),
(111, 'United States of America', 'Alice\'s, and they walked off together. Alice.'),
(112, 'Antarctica (the territory South of 60 deg S)', 'All the time she found to be no use in saying.'),
(113, 'blop', 'blop'),
(114, 'qzdqd', 'qzdqsd'),
(115, 'qzdqd', 'qzdqsd'),
(116, 'blop', 'blop'),
(117, 'blop', 'blop'),
(118, 'blop', 'blop'),
(119, 'blo', 'blo'),
(120, 'blo', 'blo'),
(122, 'bla', 'bla');

-- --------------------------------------------------------

--
-- Structure de la table `capteurchannel`
--

CREATE TABLE `capteurchannel` (
  `idcapteurchannel` int(11) NOT NULL,
  `idchannel` int(11) NOT NULL,
  `idcapteur` int(11) NOT NULL
) ENGINE=InnoDB DEFAULT CHARSET=utf8;

--
-- Contenu de la table `capteurchannel`
--

INSERT INTO `capteurchannel` (`idcapteurchannel`, `idchannel`, `idcapteur`) VALUES
(4, 4, 4),
(5, 5, 5),
(6, 6, 6),
(7, 7, 7),
(8, 8, 8),
(9, 9, 9),
(10, 10, 10),
(11, 11, 11),
(12, 12, 12),
(13, 13, 13),
(14, 14, 14),
(15, 15, 15),
(16, 16, 16),
(17, 17, 17),
(18, 18, 18),
(19, 19, 19),
(20, 20, 20),
(21, 21, 21),
(22, 22, 22),
(23, 23, 23),
(24, 24, 24),
(25, 25, 25),
(26, 26, 26),
(27, 27, 27),
(28, 28, 28),
(32, 4, 32),
(33, 5, 33),
(34, 6, 34),
(35, 7, 35),
(36, 8, 36),
(37, 9, 37),
(38, 10, 38),
(39, 11, 39),
(40, 12, 40),
(41, 13, 41),
(42, 14, 42),
(43, 15, 43),
(44, 16, 44),
(45, 17, 45),
(46, 18, 46),
(47, 19, 47),
(48, 20, 48),
(49, 21, 49),
(50, 22, 50),
(51, 23, 51),
(52, 24, 52),
(53, 25, 53),
(54, 26, 54),
(55, 27, 55),
(56, 28, 56),
(60, 4, 60),
(61, 5, 61),
(62, 6, 62),
(63, 7, 63),
(64, 8, 64),
(65, 9, 65),
(66, 10, 66),
(67, 11, 67),
(68, 12, 68),
(69, 13, 69),
(70, 14, 70),
(71, 15, 71),
(72, 16, 72),
(73, 17, 73),
(74, 18, 74),
(75, 19, 75),
(76, 20, 76),
(77, 21, 77),
(78, 22, 78),
(79, 23, 79),
(80, 24, 80),
(81, 25, 81),
(82, 26, 82),
(83, 27, 83),
(84, 28, 84),
(88, 4, 88),
(89, 5, 89),
(90, 6, 90),
(91, 7, 91),
(92, 8, 92),
(93, 9, 93),
(94, 10, 94),
(95, 11, 95),
(96, 12, 96),
(97, 13, 97),
(98, 14, 98),
(99, 15, 99),
(100, 16, 100),
(101, 17, 101),
(102, 18, 102),
(103, 19, 103),
(104, 20, 104),
(105, 21, 105),
(106, 22, 106),
(107, 23, 107),
(108, 24, 108),
(109, 25, 109),
(110, 26, 110),
(111, 27, 111),
(112, 28, 112),
(114, 3, 122);

-- --------------------------------------------------------

--
-- Structure de la table `channel`
--

CREATE TABLE `channel` (
  `idchannel` int(11) NOT NULL,
  `name` varchar(45) NOT NULL,
  `public` tinyint(1) NOT NULL,
  `comments` varchar(255) DEFAULT NULL
) ENGINE=InnoDB DEFAULT CHARSET=utf8;

--
-- Contenu de la table `channel`
--

INSERT INTO `channel` (`idchannel`, `name`, `public`, `comments`) VALUES
(4, 'Rozella', 0, 'William the.'),
(5, 'Sadye', 1, 'VERY tired of.'),
(6, 'Orville', 0, 'Mouse was swimming.'),
(7, 'Jarred', 1, 'The Mouse only.'),
(8, 'Bernardo', 0, 'Dodo suddenly.'),
(9, 'Eliza', 0, 'I\'ll have you.'),
(10, 'Lourdes', 0, 'I see\"!\' \'You.'),
(11, 'Alysa', 0, 'Lizard\'s.'),
(12, 'Ansley', 0, 'Alice replied in.'),
(13, 'Fanny', 1, 'Beautiful,.'),
(14, 'Martine', 0, 'Alice, timidly;.'),
(15, 'Enoch', 1, 'Nobody moved. \'Who.'),
(16, 'Anna', 0, 'Alice looked down.'),
(17, 'Hester', 1, 'So she began.'),
(18, 'Josefa', 1, 'Rabbit was no more.'),
(19, 'Guadalupe', 0, 'Mouse, turning to.'),
(20, 'Nova', 0, 'Time as well say,\'.'),
(21, 'Joyce', 1, 'William the.'),
(22, 'Pansy', 0, 'Bill, the Lizard).'),
(23, 'Felipa', 1, 'I should think!\'.'),
(24, 'Unique', 0, 'Cat said, waving.'),
(25, 'Elinore', 1, 'And welcome little.'),
(26, 'Lisette', 1, 'Said the mouse.'),
(27, 'Raina', 0, 'Alice could see,.'),
(28, 'Kaia', 0, 'I suppose?\' said.'),
(30, 'mamadou', 0, 'noir'),
(31, 'blap', 0, 'fdsfdsfdsfdsf'),
(38, 'blop', 0, 'blop'),
(40, 'bla', 1, 'bla');

-- --------------------------------------------------------

--
-- Structure de la table `collaborate`
--

CREATE TABLE `collaborate` (
  `idcollaborate` int(11) NOT NULL,
  `idchannel` int(11) NOT NULL,
  `iduser` int(11) NOT NULL
) ENGINE=InnoDB DEFAULT CHARSET=utf8;

--
-- Contenu de la table `collaborate`
--

INSERT INTO `collaborate` (`idcollaborate`, `idchannel`, `iduser`) VALUES
(1, 1, 1),
(29, 1, 1),
(57, 1, 1),
(85, 1, 1),
(2, 2, 2),
(30, 2, 2),
(58, 2, 2),
(86, 2, 2),
(3, 3, 3),
(31, 3, 3),
(59, 3, 3),
(87, 3, 3),
(4, 4, 4),
(32, 4, 4),
(60, 4, 4),
(88, 4, 4),
(5, 5, 5),
(33, 5, 5),
(61, 5, 5),
(89, 5, 5),
(6, 6, 6),
(34, 6, 6),
(62, 6, 6),
(90, 6, 6),
(7, 7, 7),
(35, 7, 7),
(63, 7, 7),
(91, 7, 7),
(8, 8, 1),
(36, 8, 1),
(64, 8, 1),
(92, 8, 1),
(9, 9, 2),
(37, 9, 2),
(65, 9, 2),
(93, 9, 2),
(10, 10, 3),
(38, 10, 3),
(66, 10, 3),
(94, 10, 3),
(11, 11, 4),
(39, 11, 4),
(67, 11, 4),
(95, 11, 4),
(12, 12, 5),
(40, 12, 5),
(68, 12, 5),
(96, 12, 5),
(13, 13, 6),
(41, 13, 6),
(69, 13, 6),
(97, 13, 6),
(14, 14, 7),
(42, 14, 7),
(70, 14, 7),
(98, 14, 7),
(15, 15, 1),
(43, 15, 1),
(71, 15, 1),
(99, 15, 1),
(16, 16, 2),
(44, 16, 2),
(72, 16, 2),
(100, 16, 2),
(17, 17, 3),
(45, 17, 3),
(73, 17, 3),
(101, 17, 3),
(18, 18, 4),
(46, 18, 4),
(74, 18, 4),
(102, 18, 4),
(19, 19, 5),
(47, 19, 5),
(75, 19, 5),
(103, 19, 5),
(20, 20, 6),
(48, 20, 6),
(76, 20, 6),
(104, 20, 6),
(21, 21, 7),
(49, 21, 7),
(77, 21, 7),
(105, 21, 7),
(22, 22, 1),
(50, 22, 1),
(78, 22, 1),
(106, 22, 1),
(23, 23, 2),
(51, 23, 2),
(79, 23, 2),
(107, 23, 2),
(24, 24, 3),
(52, 24, 3),
(80, 24, 3),
(108, 24, 3),
(25, 25, 4),
(53, 25, 4),
(81, 25, 4),
(109, 25, 4),
(26, 26, 5),
(54, 26, 5),
(82, 26, 5),
(110, 26, 5),
(27, 27, 6),
(55, 27, 6),
(83, 27, 6),
(111, 27, 6),
(28, 28, 7),
(56, 28, 7),
(84, 28, 7),
(112, 28, 7);

-- --------------------------------------------------------

--
-- Structure de la table `datalogger`
--

CREATE TABLE `datalogger` (
  `iddatalogger` int(11) NOT NULL,
  `data` int(255) NOT NULL,
  `date` datetime NOT NULL,
  `comments` varchar(255) DEFAULT NULL,
  `idcapteur` int(11) NOT NULL
) ENGINE=InnoDB DEFAULT CHARSET=utf8;

--
-- Contenu de la table `datalogger`
--

INSERT INTO `datalogger` (`iddatalogger`, `data`, `date`, `comments`, `idcapteur`) VALUES
(4, 4021, '1989-05-08 08:47:59', 'Suppress him!.', 4),
(5, 5827, '1981-01-15 13:37:35', 'Alice\'s elbow was.', 5),
(6, 4885, '1997-02-07 19:46:40', 'After a minute or.', 6),
(7, 6671, '2018-03-13 08:07:35', 'I should think you.', 7),
(8, 7180, '2010-01-27 04:40:03', 'No, I\'ve made up.', 8),
(9, 4655, '1987-11-19 11:18:36', 'Mouse, frowning,.', 9),
(10, 8705, '1976-11-01 23:58:19', 'Alice, so please.', 10),
(11, 8789, '1985-04-28 03:01:22', 'Caucus-race.\'.', 11),
(12, 2713, '1991-06-06 18:14:12', 'She ate a little.', 12),
(13, 3138, '1987-08-13 03:14:52', 'There was no more.', 13),
(14, 7746, '2008-10-25 03:47:35', 'When I used to.', 14),
(15, 659, '2010-05-30 19:06:59', 'LESS,\' said the.', 15),
(16, 8562, '1976-08-24 01:35:40', 'Alice said with a.', 16),
(17, 6904, '1980-04-22 10:42:22', 'May it won\'t be.', 17),
(18, 4224, '1984-09-08 18:04:35', 'Alice; \'I can\'t.', 18),
(19, 2168, '2016-11-24 01:06:34', 'Mouse to Alice a.', 19),
(20, 1245, '1975-10-10 10:18:47', 'Alice said with a.', 20),
(21, 2640, '1973-05-11 23:30:03', 'Alice said.', 21),
(22, 6741, '1992-03-07 01:15:05', 'Alice, \'I\'ve often.', 22),
(23, 1795, '2010-05-15 08:34:54', 'I\'m doubtful about.', 23),
(24, 2577, '1976-05-07 01:59:33', 'Mock Turtle said:.', 24),
(25, 3250, '1996-10-13 03:54:13', 'Mock Turtle said.', 25),
(26, 3760, '2009-08-28 10:36:35', 'Lobster.', 26),
(27, 3572, '1971-04-16 04:35:05', 'At last the.', 27),
(28, 2242, '2007-06-27 03:56:49', 'NEVER come to the.', 28),
(32, 7938, '1992-09-29 04:56:27', 'Caterpillar; and.', 32),
(33, 9609, '2013-04-03 21:52:32', 'Queen. An.', 33),
(34, 308, '1995-06-30 19:33:30', 'However, I\'ve got.', 34),
(35, 6638, '1978-07-16 16:47:51', 'I\'ve got to?\'.', 35),
(36, 3217, '2005-02-16 23:31:52', 'March Hare. \'He.', 36),
(37, 2910, '1986-09-20 12:33:19', 'She did it so VERY.', 37),
(38, 8688, '2014-06-10 13:06:49', 'Dinah, tell me the.', 38),
(39, 784, '1972-03-29 23:37:02', 'I\'d hardly.', 39),
(40, 1694, '1997-03-15 03:59:42', 'The Queen had.', 40),
(41, 7254, '2016-07-20 11:35:18', 'Hatter. \'Nor I,\'.', 41),
(42, 4075, '1976-08-21 10:09:00', 'HIGH TO LEAVE THE.', 42),
(43, 2779, '1996-05-16 12:35:19', 'Caucus-race.\'.', 43),
(44, 3131, '1997-07-24 01:14:00', 'Queen, and Alice,.', 44),
(45, 512, '1984-06-13 01:20:59', 'Queen, \'and he.', 45),
(46, 3373, '1978-01-02 04:53:40', 'Let me think: was.', 46),
(47, 9703, '2010-07-20 00:28:13', 'Cheshire Cat,\'.', 47),
(48, 1046, '1991-04-02 02:50:35', 'SHE HAD THIS.', 48),
(49, 143, '1992-06-15 12:08:23', 'March Hare. \'I.', 49),
(50, 4475, '2010-03-13 02:11:23', 'Queen shouted at.', 50),
(51, 2941, '1970-03-30 07:35:34', 'Queen,\' and she.', 51),
(52, 3507, '1992-12-15 23:46:32', 'March Hare,) \'--it.', 52),
(53, 5016, '1993-03-31 03:54:25', 'Mock Turtle.', 53),
(54, 4953, '2018-06-16 13:40:41', 'HAVE my shoulders.', 54),
(55, 4286, '1975-08-31 00:44:45', 'March Hare. Visit.', 55),
(56, 9003, '1983-11-23 01:49:37', 'But at any rate,.', 56),
(60, 1278, '1991-01-07 06:40:09', 'Caterpillar. Alice.', 60),
(61, 5492, '2011-10-29 17:46:18', 'I don\'t keep the.', 61),
(62, 9253, '2012-06-05 09:52:29', 'Dormouse began in.', 62),
(63, 306, '2004-03-13 09:12:06', 'Majesty!\' the.', 63),
(64, 5611, '1986-08-04 17:07:21', 'CHAPTER X. The.', 64),
(65, 8736, '1980-06-02 12:53:20', 'Alice noticed, had.', 65),
(66, 2315, '1981-05-13 02:46:24', 'I think you\'d.', 66),
(67, 9557, '1978-01-31 13:08:13', 'Be off, or I\'ll.', 67),
(68, 5344, '2005-06-23 18:24:49', 'Hatter, \'or you\'ll.', 68),
(69, 7242, '2013-01-19 14:55:53', 'Mock Turtle.', 69),
(70, 2433, '1988-09-22 07:16:55', 'English coast you.', 70),
(71, 9077, '2006-10-12 17:46:39', 'Mock Turtle. \'Hold.', 71),
(72, 3992, '2017-03-25 07:32:33', 'THAT in a great.', 72),
(73, 9935, '1987-07-04 11:23:31', 'A secret, kept.', 73),
(74, 687, '2005-06-30 05:19:59', 'Dodo could not.', 74),
(75, 2800, '1988-04-08 21:48:28', 'Pennyworth only of.', 75),
(76, 1408, '1996-06-06 07:20:18', 'I do wonder what.', 76),
(77, 2897, '2014-12-05 05:04:05', 'Queen till she.', 77),
(78, 1224, '1977-06-25 22:28:30', 'I don\'t remember.', 78),
(79, 1905, '2017-11-24 13:55:57', 'By the use of.', 79),
(80, 8139, '1975-11-15 11:06:25', 'All this time it.', 80),
(81, 7876, '2005-05-02 16:57:02', 'King, the Queen,.', 81),
(82, 4161, '2014-12-14 07:05:06', 'Come on!\' So they.', 82),
(83, 9570, '1993-10-11 00:46:51', 'Duck. \'Found IT,\'.', 83),
(84, 1815, '2018-06-25 14:17:57', 'Rabbit\'s voice;.', 84),
(88, 1192, '1997-10-07 16:05:25', 'There was no.', 88),
(89, 8025, '2018-03-31 21:20:03', 'Alice started to.', 89),
(90, 5043, '1986-06-20 21:10:26', 'She felt that this.', 90),
(91, 6557, '1980-12-04 18:20:10', 'I\'ll be jury,\".', 91),
(92, 8126, '2017-06-03 01:06:47', 'Dormouse turned.', 92),
(93, 8620, '1973-03-17 21:49:23', 'The rabbit-hole.', 93),
(94, 4871, '2015-02-08 08:59:10', 'Mouse was.', 94),
(95, 6113, '2012-09-28 10:53:49', 'Gryphon went on,.', 95),
(96, 5426, '1997-06-29 16:49:48', 'I\'ve had such a.', 96),
(97, 1884, '2007-07-14 09:11:11', 'ME.\' \'You!\' said.', 97),
(98, 6646, '1994-05-09 06:12:10', 'I wish you were.', 98),
(99, 8552, '1977-09-09 13:32:59', 'Off with his nose,.', 99),
(100, 472, '1983-09-16 21:23:08', 'There was a.', 100),
(101, 2929, '1978-08-29 13:59:02', 'Duchess was VERY.', 101),
(102, 1036, '1996-12-21 18:26:04', 'Father William,\'.', 102),
(103, 4674, '1996-08-15 12:05:57', 'So they sat down.', 103),
(104, 7985, '2007-10-22 01:23:31', 'I shan\'t! YOU do.', 104),
(105, 4827, '1996-06-14 18:43:51', 'I hate cats and.', 105),
(106, 1310, '1980-09-20 20:27:50', 'I can\'t quite.', 106),
(107, 1202, '1980-05-14 20:48:50', 'Dinah, tell me the.', 107),
(108, 1393, '2005-04-10 16:29:49', 'Alice had got its.', 108),
(109, 9144, '1993-03-26 21:40:25', 'I to get her head.', 109),
(110, 112, '1972-07-30 01:58:03', 'Dormouse..', 110),
(111, 9810, '1970-11-15 18:52:19', 'Caterpillar. \'Not.', 111),
(112, 4374, '2004-08-17 07:26:04', 'Queen was close.', 112),
(116, 7117, '1990-08-27 10:47:20', 'Alice was rather.', 4),
(117, 8118, '1975-07-30 15:17:40', 'All on a little.', 5),
(118, 3752, '1994-10-19 22:44:13', 'English coast you.', 6),
(119, 2952, '1999-04-04 21:00:31', 'There was a dead.', 7),
(120, 9353, '1976-05-26 10:50:21', 'Him, and.', 8),
(121, 5442, '2005-05-11 17:46:46', 'Alice remained.', 9),
(122, 3639, '1980-10-18 01:07:20', 'I ever saw in.', 10),
(123, 1939, '1977-11-01 18:33:28', 'As soon as she.', 11),
(124, 6183, '2008-02-19 22:13:23', 'I get it home?\'.', 12),
(125, 3542, '2012-03-18 02:54:28', 'March Hare. \'Yes,.', 13),
(126, 8146, '1980-11-28 07:39:31', 'Alice sadly. \'Hand.', 14),
(127, 3338, '2002-08-07 23:51:36', 'Alice. \'Of course.', 15),
(128, 2721, '1978-06-01 03:05:36', 'I\'ll kick you down.', 16),
(129, 8825, '1974-09-08 12:50:27', 'Don\'t be all day.', 17),
(130, 9590, '1985-12-16 03:19:38', 'I\'ll never go.', 18),
(131, 1468, '2010-10-15 01:18:47', 'Number One,\' said.', 19),
(132, 3047, '2014-05-23 15:06:34', 'Alice asked. \'We.', 20),
(133, 8258, '1995-09-03 01:53:02', 'No, it\'ll never do.', 21),
(134, 5415, '1986-01-27 02:30:30', 'ARE OLD, FATHER.', 22),
(135, 6548, '1991-08-16 02:14:34', 'Has lasted the.', 23),
(136, 7625, '1984-06-22 16:01:49', 'Her first idea was.', 24),
(137, 3344, '1995-08-02 11:11:45', 'Alice, jumping up.', 25),
(138, 8972, '1987-04-19 20:53:20', 'Alice, in a great.', 26),
(139, 5146, '1979-07-20 11:40:16', 'I do hope it\'ll.', 27),
(140, 4879, '1983-02-28 17:47:06', 'Duchess sneezed.', 28),
(144, 9825, '1990-04-14 09:07:29', 'March Hare..', 32),
(145, 807, '1999-11-14 20:13:59', 'I think--\' (for,.', 33),
(146, 9331, '1981-03-20 03:52:07', 'Two. Two began in.', 34),
(147, 6512, '1979-05-28 23:58:35', 'Bill! I wouldn\'t.', 35),
(148, 6489, '1986-09-24 12:23:36', 'Mock Turtle.', 36),
(149, 3384, '1980-12-29 10:31:22', 'Alice was soon.', 37),
(150, 8768, '2002-10-21 21:28:27', 'However, on the.', 38),
(151, 4546, '2001-10-30 23:21:57', 'Alice. \'Nothing,\'.', 39),
(152, 7869, '1999-08-27 20:38:29', 'The first witness.', 40),
(153, 2655, '1975-08-06 04:45:56', 'Mock Turtle went.', 41),
(154, 205, '1988-03-21 09:01:33', 'They all sat down.', 42),
(155, 4624, '1997-04-05 19:09:24', 'Dormouse,\' the.', 43),
(156, 5170, '2005-11-26 15:29:13', 'Lobster Quadrille,.', 44),
(157, 8116, '1986-06-09 15:25:45', 'King, \'that only.', 45),
(158, 5986, '1977-04-20 01:01:37', 'Shark, But, when.', 46),
(159, 1103, '2002-11-23 17:23:12', 'Beautiful,.', 47),
(160, 7476, '1986-02-26 21:37:39', 'March Hare took.', 48),
(161, 7459, '1975-08-03 15:43:39', 'I THINK; or is it.', 49),
(162, 8155, '1981-03-21 14:50:39', 'King replied. Here.', 50),
(163, 80, '1970-03-20 11:40:20', 'WILL do next! If.', 51),
(164, 7122, '1990-06-05 04:02:36', 'Mock Turtle. Alice.', 52),
(165, 6699, '1971-06-26 01:49:25', 'Shark, But, when.', 53),
(166, 4566, '2006-03-31 07:26:37', 'Tell her to carry.', 54),
(167, 9780, '2007-09-29 14:40:51', 'And she tried her.', 55),
(168, 6898, '1993-04-13 02:27:55', 'GAVE HER ONE, THEY.', 56),
(172, 818, '2002-07-22 01:10:21', 'I ever was at the.', 60),
(173, 8196, '2011-05-25 14:02:55', 'Lory, as soon as.', 61),
(174, 6851, '1983-02-24 02:56:21', 'I\'ve finished.\' So.', 62),
(175, 9896, '2015-01-18 05:40:18', 'It doesn\'t look.', 63),
(176, 3775, '1999-07-23 15:26:24', 'Queen, pointing to.', 64),
(177, 9859, '2002-09-04 19:43:03', 'Footman continued.', 65),
(178, 7982, '1986-04-09 03:25:45', 'Go on!\' \'I\'m a.', 66),
(179, 153, '1973-09-10 17:04:26', 'I suppose?\' \'Yes,\'.', 67),
(180, 5819, '1981-01-31 13:08:02', 'Stole the Tarts?.', 68),
(181, 9031, '1977-01-30 15:11:44', 'Even the Duchess.', 69),
(182, 2105, '1993-03-16 06:16:19', 'Oh dear! I wish I.', 70),
(183, 2135, '1977-07-19 02:48:10', 'Alice, \'a great.', 71),
(184, 995, '2001-09-10 00:07:39', 'Alice; \'I might as.', 72),
(185, 4203, '1993-07-12 14:29:05', 'Mouse. \'Of.', 73),
(186, 2413, '2002-02-06 11:19:32', 'She drew her foot.', 74),
(187, 5458, '2010-08-06 21:58:46', 'YOUR shoes done.', 75),
(188, 7899, '1983-03-13 08:12:55', 'I\'ll never go.', 76),
(189, 3340, '1971-09-02 12:43:20', 'And welcome little.', 77),
(190, 6037, '1970-05-15 11:16:17', 'The long grass.', 78),
(191, 3109, '1977-05-15 23:09:06', 'She was close.', 79),
(192, 6420, '2010-09-06 23:28:57', 'I\'ll eat it,\' said.', 80),
(193, 8446, '2010-02-17 15:39:06', 'I shall have.', 81),
(194, 2501, '1998-06-25 00:59:36', 'Alice, \'they\'re.', 82),
(195, 731, '1991-09-15 08:30:42', 'King triumphantly,.', 83),
(196, 6611, '1974-01-31 13:44:23', 'Hatter added as an.', 84),
(200, 9367, '1971-08-01 13:43:31', 'White Rabbit as he.', 88),
(201, 7097, '1984-09-28 03:08:35', 'Alice in a rather.', 89),
(202, 8965, '2017-09-01 15:10:59', 'Queen, and Alice,.', 90),
(203, 7144, '1978-12-06 12:26:42', 'Alice could speak.', 91),
(204, 5954, '2003-11-21 21:12:41', 'Alice to herself,.', 92),
(205, 1567, '2002-01-20 08:05:24', 'She hastily put.', 93),
(206, 8494, '1977-08-03 18:33:27', 'I suppose?\' said.', 94),
(207, 3975, '1996-02-23 12:36:02', 'Alice, \'to pretend.', 95),
(208, 7696, '1990-08-11 15:52:49', 'Will you, won\'t.', 96),
(209, 5767, '1999-05-29 13:10:40', 'Alice did not dare.', 97),
(210, 1844, '2015-09-23 15:00:34', 'I am now? That\'ll.', 98),
(211, 901, '2009-03-05 04:29:07', 'Do you think, at.', 99),
(212, 4894, '1985-08-06 22:57:56', 'I\'m never sure.', 100),
(213, 534, '2017-03-11 02:19:25', 'The Footman seemed.', 101),
(214, 4956, '1991-01-18 17:10:45', 'I wish you.', 102),
(215, 2394, '1973-07-31 20:14:07', 'Alice ventured to.', 103),
(216, 785, '2013-04-03 15:53:34', 'The pepper when he.', 104),
(217, 9797, '1999-04-17 14:59:32', 'I THINK,\' said.', 105),
(218, 637, '1985-03-06 15:01:55', 'But at any rate,.', 106),
(219, 5530, '2016-06-25 23:26:48', 'Hatter: \'let\'s all.', 107),
(220, 7810, '1993-05-02 10:11:49', 'Alice, \'it would.', 108),
(221, 1830, '1979-09-09 20:36:42', 'Alice: \'three.', 109),
(222, 4170, '2017-08-09 21:51:21', 'March Hare. \'It.', 110),
(223, 2005, '2004-08-20 06:38:46', 'Gryphon; and then.', 111),
(224, 1416, '2004-09-13 13:19:52', 'You gave us three.', 112),
(228, 7350, '1984-10-28 08:39:31', 'But, now that I\'m.', 4),
(229, 4020, '2008-07-02 15:36:43', 'I would talk on.', 5),
(230, 3319, '2010-09-26 12:16:10', 'The next thing was.', 6),
(231, 227, '1989-02-08 04:25:44', 'Alice was.', 7),
(232, 7020, '1993-02-19 19:06:06', 'Caterpillar\'s.', 8),
(233, 7660, '2006-04-26 15:32:57', 'White Rabbit as he.', 9),
(234, 4182, '1970-05-21 18:19:19', 'Alice guessed in a.', 10),
(235, 4962, '2002-07-30 20:39:54', 'Puss,\' she began,.', 11),
(236, 8764, '1971-01-13 09:10:02', 'Cat. \'I don\'t know.', 12),
(237, 7925, '2011-11-01 19:44:53', 'At last the.', 13),
(238, 4123, '1988-12-04 00:21:22', 'I can\'t understand.', 14),
(239, 4017, '1970-12-29 09:33:06', 'But I\'ve got back.', 15),
(240, 9478, '2008-11-14 18:53:42', 'Queen, pointing to.', 16),
(241, 5001, '1976-01-25 10:51:51', 'Alice was rather.', 17),
(242, 9141, '1999-03-17 21:42:44', 'Dodo, a Lory and.', 18),
(243, 948, '2003-11-04 04:13:07', 'But the snail.', 19),
(244, 1869, '2005-09-10 03:56:04', 'Duchess replied,.', 20),
(245, 3125, '1997-05-31 15:17:37', 'Hatter, \'you.', 21),
(246, 8189, '2012-06-13 06:51:48', 'No room!\' they.', 22),
(247, 2737, '2018-04-04 01:01:08', 'The poor little.', 23),
(248, 6761, '2017-03-01 15:52:17', 'Alice replied, so.', 24),
(249, 3776, '1984-04-16 17:02:07', 'It\'s by far the.', 25),
(250, 3282, '1985-12-08 07:13:51', 'There was no time.', 26),
(251, 4144, '2004-10-11 17:23:33', 'I hadn\'t to bring.', 27),
(252, 8564, '1992-07-29 16:34:43', 'Mouse. \'--I.', 28),
(256, 7398, '1971-02-17 22:06:41', 'Mock Turtle: \'why,.', 32),
(257, 5524, '1977-12-09 11:32:01', 'Alice, \'or perhaps.', 33),
(258, 5234, '2014-12-28 09:04:53', 'Queen. \'Never!\'.', 34),
(259, 7825, '1976-12-24 03:17:10', 'I\'m angry..', 35),
(260, 826, '1977-07-04 22:30:54', 'Alice; \'and I wish.', 36),
(261, 9611, '1970-12-27 02:30:17', 'March Hare. \'I.', 37),
(262, 827, '1984-01-03 04:10:47', 'And she\'s such a.', 38),
(263, 6551, '2013-07-26 06:06:29', 'Alice. \'Now we.', 39),
(264, 4741, '1986-05-18 10:24:58', 'It was as much as.', 40),
(265, 2933, '2002-04-12 06:31:21', 'Gryphon. \'It\'s all.', 41),
(266, 7843, '1979-01-11 20:44:41', 'I\'ve finished.\' So.', 42),
(267, 8715, '2013-08-12 15:43:31', 'King. The White.', 43),
(268, 3567, '1979-06-21 00:17:02', 'I\'m opening out.', 44),
(269, 9247, '1978-03-14 02:07:08', 'Crab took the.', 45),
(270, 220, '2007-12-20 08:20:53', 'No, I\'ve made up.', 46),
(271, 9991, '1991-04-06 07:10:55', 'Alice; but she.', 47),
(272, 7684, '1973-11-24 01:29:49', 'Alice asked in a.', 48),
(273, 2998, '1983-11-20 20:16:01', 'First, she tried.', 49),
(274, 3688, '1975-05-29 21:59:57', 'Hatter grumbled:.', 50),
(275, 2042, '2014-06-08 22:43:49', 'By the use of this.', 51),
(276, 6750, '2000-03-09 15:58:27', 'Bill, the Lizard).', 52),
(277, 806, '2004-01-12 01:05:56', 'I? Ah, THAT\'S the.', 53),
(278, 8861, '2010-05-24 12:55:51', 'And mentioned me.', 54),
(279, 4963, '2006-02-14 06:08:10', 'Mouse\'s tail; \'but.', 55),
(280, 359, '1993-11-25 17:49:45', 'Gryphon, before.', 56),
(284, 3229, '1982-08-09 00:58:09', 'I am, sir,\' said.', 60),
(285, 3462, '2008-08-02 01:21:13', 'An obstacle that.', 61),
(286, 1000, '1989-06-23 22:15:56', 'I should.', 62),
(287, 3620, '2017-06-05 22:49:04', 'Alice was too much.', 63),
(288, 2335, '2015-06-07 22:39:22', 'Gryphon added.', 64),
(289, 1172, '1988-02-01 12:04:24', 'I\'m a deal faster.', 65),
(290, 3580, '2012-06-23 04:46:30', 'Alice said very.', 66),
(291, 7361, '2012-06-23 08:22:53', 'But she did not.', 67),
(292, 3186, '1973-09-13 17:39:51', 'Dormouse shall!\'.', 68),
(293, 8166, '1988-02-20 19:09:58', 'Queen, \'and take.', 69),
(294, 9705, '1989-06-10 09:25:13', 'Let me see: I\'ll.', 70),
(295, 7252, '1987-06-06 14:55:05', 'Ugh, Serpent!\'.', 71),
(296, 3513, '2002-04-24 08:51:21', 'How brave they\'ll.', 72),
(297, 3472, '1982-01-09 21:52:44', 'Duchess replied,.', 73),
(298, 2257, '2015-08-19 10:10:43', 'I\'d taken the.', 74),
(299, 6668, '1995-08-30 00:19:35', 'THAT. Then.', 75),
(300, 2679, '2007-01-09 06:45:23', 'Mock Turtle drew a.', 76),
(301, 2747, '2001-07-27 09:20:56', 'King, and the pair.', 77),
(302, 9313, '2003-11-24 15:47:10', 'Duchess to play.', 78),
(303, 8239, '2003-12-02 08:01:03', 'His voice has a.', 79),
(304, 2707, '2004-08-01 10:20:32', 'Alice to find my.', 80),
(305, 7918, '1982-02-16 22:14:26', 'Hatter; \'so I.', 81),
(306, 3387, '1981-08-05 05:30:33', 'Pigeon. \'I\'m NOT a.', 82),
(307, 3457, '1988-08-06 22:27:31', 'Hatter. \'He won\'t.', 83),
(308, 1895, '1980-11-11 21:04:29', 'I\'ll tell you more.', 84),
(312, 4211, '2001-11-30 10:07:26', 'Alice, \'to speak.', 88),
(313, 8807, '1988-02-01 18:23:33', 'Alice, who was.', 89),
(314, 4363, '2004-09-06 08:41:51', 'He looked at Two..', 90),
(315, 1537, '1990-07-12 10:30:37', 'I to do?\' said.', 91),
(316, 194, '1975-12-01 13:32:53', 'Dormouse..', 92),
(317, 7603, '1998-02-18 05:38:06', 'The Dormouse had.', 93),
(318, 925, '1996-05-01 19:41:54', 'Alice for.', 94),
(319, 2012, '1995-05-05 03:37:49', 'I don\'t keep the.', 95),
(320, 4281, '1994-08-09 11:02:44', 'King hastily said,.', 96),
(321, 8501, '1974-09-16 13:57:54', 'If I or she fell.', 97),
(322, 8583, '1972-05-07 18:04:59', 'MARMALADE\', but to.', 98),
(323, 249, '2017-10-26 03:08:34', 'Majesty!\' the.', 99),
(324, 7433, '2000-10-15 05:31:36', 'Pigeon in a.', 100),
(325, 6460, '2013-03-06 03:23:20', 'March Hare. \'I.', 101),
(326, 865, '1987-05-27 14:51:06', 'YOUR adventures.\'.', 102),
(327, 4055, '2001-05-09 22:06:41', 'However, when they.', 103),
(328, 3999, '1981-10-25 09:26:37', 'Duchess said in a.', 104),
(329, 1581, '2008-04-01 13:31:11', 'Stigand, the.', 105),
(330, 8081, '1976-08-09 02:35:21', 'Alice started to.', 106),
(331, 2516, '2006-03-04 09:46:43', 'I almost wish I\'d.', 107),
(332, 6436, '1989-06-30 00:58:22', 'THIS size: why, I.', 108),
(333, 4597, '1985-03-30 05:20:02', 'Alice in a.', 109),
(334, 5029, '2010-03-06 04:03:32', 'Hatter instead!\'.', 110),
(335, 9744, '1974-05-15 17:41:32', 'March Hare.', 111),
(336, 3733, '1975-05-18 17:00:52', 'The Panther took.', 112),
(340, 3789, '1982-08-06 16:37:50', 'Mouse, who seemed.', 4),
(341, 2827, '2003-04-19 18:05:03', 'I give you fair.', 5),
(342, 7380, '1997-08-07 08:49:46', 'March Hare: she.', 6),
(343, 6369, '1981-08-10 16:58:47', 'ME, and told me he.', 7),
(344, 5698, '1972-09-15 17:46:43', 'Oh, how I wish I.', 8),
(345, 5312, '2005-05-04 15:22:12', 'Alice after it,.', 9),
(346, 3071, '1986-01-15 08:45:15', 'So Alice began to.', 10),
(347, 2019, '1972-12-17 07:47:11', 'Who would not open.', 11),
(348, 9252, '2004-11-04 15:42:56', 'Mock Turtle to.', 12),
(349, 8044, '1990-03-04 13:12:58', 'Hatter, \'or you\'ll.', 13),
(350, 7314, '1990-01-23 13:49:08', 'I wish you.', 14),
(351, 5656, '1996-10-28 17:38:13', 'Queen. \'Well, I.', 15),
(352, 1423, '1993-09-13 18:12:10', 'YOUR shoes done.', 16),
(353, 2302, '1980-11-20 18:29:41', 'King. \'When did.', 17),
(354, 7046, '2006-02-18 02:59:57', 'Mock Turtle. So.', 18),
(355, 8001, '1970-04-10 04:24:18', 'I say--that\'s the.', 19),
(356, 3682, '1971-01-14 06:54:28', 'I think that there.', 20),
(357, 9014, '1972-06-08 07:31:25', 'Rabbit, and had no.', 21),
(358, 3402, '2016-06-14 22:57:17', 'Gryphon went on..', 22),
(359, 6264, '1999-02-24 04:01:00', 'Duchess\'s knee,.', 23),
(360, 2152, '1985-12-16 22:01:33', 'Alice, \'as all the.', 24),
(361, 9317, '1991-09-25 12:26:45', 'Queen in a.', 25),
(362, 9923, '1971-01-14 03:21:25', 'Alice; \'all I know.', 26),
(363, 3352, '2007-08-29 16:56:29', 'She was moving.', 27),
(364, 8422, '1971-05-31 05:44:12', 'CHAPTER III. A.', 28),
(368, 215, '1976-06-06 22:44:21', 'Turtle.\' These.', 32),
(369, 7282, '1970-12-20 03:20:55', 'Mock Turtle. \'No,.', 33),
(370, 5610, '2000-05-13 02:40:48', 'Bill,\' thought.', 34),
(371, 7464, '2000-04-28 10:02:09', 'YOUR adventures.\'.', 35),
(372, 1083, '2008-08-11 18:50:51', 'Alice, and she.', 36),
(373, 9260, '1993-02-11 17:07:21', 'ALICE\'S RIGHT.', 37),
(374, 6260, '1997-07-19 03:37:19', 'Majesty,\' said the.', 38),
(375, 4015, '1985-11-29 18:57:16', 'PLEASE mind what.', 39),
(376, 7823, '2004-04-06 02:54:42', 'Queen, but she.', 40),
(377, 8707, '1995-10-04 23:54:21', 'She had just.', 41),
(378, 9299, '1973-12-10 02:09:45', 'Bill,\' thought.', 42),
(379, 3, '1994-01-11 02:55:10', 'Pigeon; \'but if.', 43),
(380, 4652, '1999-06-19 15:57:03', 'King. \'When did.', 44),
(381, 5663, '1972-06-10 03:17:38', 'I almost think I.', 45),
(382, 5995, '1981-09-28 15:04:51', 'ME, and told me he.', 46),
(383, 1885, '1986-12-18 03:07:14', 'Mock Turtle:.', 47),
(384, 7207, '2000-07-13 09:39:29', 'Just then she.', 48),
(385, 9658, '1977-11-19 23:54:57', 'Hatter grumbled:.', 49),
(386, 2955, '1983-07-13 09:17:47', 'I don\'t like them.', 50),
(387, 5706, '1996-02-15 05:03:54', 'She was a table,.', 51),
(388, 7663, '2008-02-07 03:40:31', 'Suppress him!.', 52),
(389, 2823, '2003-02-04 15:44:17', 'Alice thought the.', 53),
(390, 4004, '1980-11-18 13:35:50', 'At last the Mouse,.', 54),
(391, 5860, '1986-03-18 03:11:28', 'I almost wish I.', 55),
(392, 1956, '1989-11-15 00:46:44', 'Gryphon, and the.', 56),
(396, 1633, '1972-06-07 01:55:59', 'Alice, every now.', 60),
(397, 5119, '1978-10-13 03:40:35', 'Alice guessed in a.', 61),
(398, 4267, '1970-01-08 21:35:50', 'That\'s all.\'.', 62),
(399, 1999, '2014-11-15 04:43:21', 'The Hatter opened.', 63),
(400, 4368, '1995-07-13 13:43:42', 'I know I do!\' said.', 64),
(401, 9861, '1997-12-10 01:50:40', 'Yet you turned a.', 65),
(402, 8588, '1973-05-13 15:39:46', 'Alice ventured to.', 66),
(403, 9814, '1984-02-09 11:54:32', 'March Hare. \'It.', 67),
(404, 1171, '1970-12-14 17:43:32', 'CHAPTER XII..', 68),
(405, 6346, '2018-07-17 20:53:39', 'Alice thought over.', 69),
(406, 300, '1980-06-21 21:30:01', 'Mock Turtle, \'but.', 70),
(407, 5508, '2017-01-30 08:20:21', 'Bill\'s got to go.', 71),
(408, 6972, '1970-02-23 23:19:20', 'I will tell you my.', 72),
(409, 263, '1978-03-18 06:28:28', 'I to get dry.', 73),
(410, 9105, '1973-11-04 19:24:53', 'HER about it.\'.', 74),
(411, 4582, '2000-02-27 03:50:53', 'Mock Turtle. \'She.', 75),
(412, 6764, '2017-06-12 08:04:07', 'Rabbit began..', 76),
(413, 7728, '2011-08-20 13:02:34', 'I can go back by.', 77),
(414, 3516, '1972-07-22 17:02:52', 'Dormouse fell.', 78),
(415, 8967, '1981-07-10 21:32:46', 'Very soon the.', 79),
(416, 1145, '1980-10-13 18:55:04', 'And she began.', 80),
(417, 1082, '1970-05-15 22:31:45', 'The jury all wrote.', 81),
(418, 9579, '2007-03-14 10:23:08', 'I to do?\' said.', 82),
(419, 1700, '1974-06-16 19:13:53', 'Queen said.', 83),
(420, 1721, '2013-10-06 20:25:32', 'Hatter added as an.', 84),
(424, 7723, '2006-03-23 02:00:24', 'THE KING AND QUEEN.', 88),
(425, 2337, '2005-07-21 14:38:34', 'Gryphon, half to.', 89),
(426, 7293, '1996-07-09 08:37:14', 'I\'m not looking.', 90),
(427, 6971, '2010-06-11 05:01:09', 'King; and as it.', 91),
(428, 3850, '1987-01-09 02:47:22', 'But, now that I\'m.', 92),
(429, 6408, '1970-03-09 05:54:38', 'Alice didn\'t think.', 93),
(430, 3494, '1982-11-18 12:52:04', 'White Rabbit, \'and.', 94),
(431, 699, '2001-04-15 12:12:41', 'Ugh, Serpent!\'.', 95),
(432, 524, '2011-11-25 23:21:38', 'And it\'ll fetch.', 96),
(433, 8004, '1998-08-07 20:50:08', 'I\'ll get into that.', 97),
(434, 894, '1982-03-26 10:59:23', 'Cat\'s head with.', 98),
(435, 2620, '2009-09-29 12:35:30', 'After a while,.', 99),
(436, 4149, '2001-08-01 05:15:58', 'Queen had ordered..', 100),
(437, 2120, '1980-09-17 06:37:57', 'Indeed, she had to.', 101),
(438, 2504, '1999-03-27 11:21:38', 'I\'d hardly.', 102),
(439, 6859, '2008-03-11 01:48:33', 'In another moment.', 103),
(440, 1106, '1972-11-13 17:06:01', 'ARE a simpleton.\'.', 104),
(441, 9898, '1988-12-26 02:24:09', 'CAN all that.', 105),
(442, 4301, '1980-02-15 18:24:17', 'FATHER WILLIAM,\'.', 106),
(443, 9487, '2003-04-16 23:08:40', 'Majesty!\' the.', 107),
(444, 3466, '2017-08-13 01:52:33', 'Gryphon. \'I mean,.', 108),
(445, 9378, '1975-02-28 16:52:24', 'I should frighten.', 109),
(446, 9056, '1973-12-11 06:59:00', 'WHAT?\' said the.', 110),
(447, 3326, '1987-01-12 08:36:52', 'I tell you!\' said.', 111),
(448, 4661, '1983-11-09 04:47:33', 'I didn\'t know that.', 112),
(452, 5130, '2006-10-08 15:01:01', 'White Rabbit read.', 4),
(453, 9593, '1974-07-29 21:42:07', 'King. The next.', 5),
(454, 354, '1972-12-27 07:13:27', 'Alice could see.', 6),
(455, 4898, '1975-05-13 12:14:36', 'Mouse, turning to.', 7),
(456, 9485, '1972-09-22 20:22:26', 'Mock Turtle.', 8),
(457, 483, '2017-06-09 21:12:16', 'I got up this.', 9),
(458, 9876, '2000-08-03 19:49:00', 'Alice whispered,.', 10),
(459, 5333, '1972-09-06 09:59:42', 'Queen ordering off.', 11),
(460, 9545, '2010-12-12 20:04:57', 'New Zealand or.', 12),
(461, 7424, '1992-05-07 13:34:02', 'I BEG your.', 13),
(462, 3520, '1973-03-03 00:06:57', 'The chief.', 14),
(463, 4954, '2010-08-13 13:42:37', 'The Mouse looked.', 15),
(464, 1645, '1977-08-22 09:29:02', 'Normans--\" How are.', 16),
(465, 4554, '2004-07-13 22:45:40', 'I\'ve seen that.', 17),
(466, 3824, '1989-09-19 18:33:09', 'And yet I wish I.', 18),
(467, 5603, '1986-06-04 05:23:24', 'And the Gryphon.', 19),
(468, 8381, '1985-07-14 02:06:24', 'Alice looked all.', 20),
(469, 1725, '1982-01-03 11:30:26', 'She felt that she.', 21),
(470, 4354, '2003-10-02 16:17:28', 'Caterpillar took.', 22),
(471, 4258, '1977-06-27 09:48:14', 'Alice. \'What IS.', 23),
(472, 1566, '2008-05-01 18:25:46', 'Majesty,\' said.', 24),
(473, 9461, '1973-07-11 18:23:16', 'As there seemed to.', 25),
(474, 36, '1980-04-07 00:52:43', 'Number One,\' said.', 26),
(475, 6040, '1981-06-25 16:03:04', 'Hatter: and in.', 27),
(476, 9167, '1982-02-10 01:30:44', 'I begin, please.', 28),
(480, 1753, '1977-09-24 09:00:45', 'Bill, the Lizard).', 32),
(481, 3701, '1990-10-23 10:32:22', 'I must sugar my.', 33),
(482, 6297, '1970-08-06 13:05:52', 'Involved in this.', 34),
(483, 3408, '2011-04-12 04:38:20', 'WOULD twist itself.', 35),
(484, 5230, '2011-01-26 03:13:04', 'Dormouse\'s place,.', 36),
(485, 1913, '1975-04-01 06:59:37', 'Hatter: and in.', 37),
(486, 3012, '2009-12-23 10:19:52', 'Alice. \'Call it.', 38),
(487, 9957, '2003-06-10 00:27:31', 'Presently she.', 39),
(488, 1640, '1977-10-01 15:51:48', 'Mouse, in a fight.', 40),
(489, 327, '1984-10-14 12:53:45', 'The Queen had only.', 41),
(490, 4658, '1994-03-31 03:41:39', 'Lobster; I heard.', 42),
(491, 6058, '2016-10-28 15:26:23', 'I don\'t put my arm.', 43),
(492, 1394, '1988-04-02 17:57:17', 'Gryphon in an.', 44),
(493, 7892, '1995-10-10 08:04:11', 'Half-past one,.', 45),
(494, 4094, '1991-10-14 06:15:08', 'Cheshire cat,\'.', 46),
(495, 1619, '1976-11-29 03:50:09', 'I almost wish I\'d.', 47),
(496, 5435, '1998-01-08 16:42:36', 'Alice, they all.', 48),
(497, 3091, '1999-02-15 04:50:38', 'March Hare took.', 49),
(498, 9035, '1991-07-08 08:53:14', 'I ever heard!\'.', 50),
(499, 2306, '1992-01-14 16:28:15', 'Alice began in a.', 51),
(500, 2507, '1973-05-12 13:37:06', 'She soon got it.', 52),
(501, 6195, '1997-05-17 19:16:03', 'It\'s by far the.', 53),
(502, 7565, '1974-09-02 09:11:26', 'Then followed the.', 54),
(503, 2704, '1970-12-25 03:59:00', 'And the moral of.', 55),
(504, 6700, '1984-07-31 06:19:01', 'How brave they\'ll.', 56),
(508, 4497, '1988-12-08 10:43:49', 'I gave her one,.', 60),
(509, 7675, '1991-12-18 01:32:39', 'No, there were any.', 61),
(510, 8495, '2012-10-13 20:50:45', 'Which shall sing?\'.', 62),
(511, 147, '1987-06-22 11:01:28', 'I\'m NOT a.', 63),
(512, 2892, '1982-02-01 20:03:13', 'There was no one.', 64),
(513, 5451, '2013-12-19 09:41:12', 'NEVER get any.', 65),
(514, 8725, '2014-01-11 12:57:10', 'And will talk in.', 66),
(515, 8356, '2006-08-05 01:32:22', 'This speech caused.', 67),
(516, 1875, '1985-11-17 04:40:35', 'WAS no one to.', 68),
(517, 2818, '2002-11-22 05:34:00', 'All on a little.', 69),
(518, 1851, '1981-02-08 08:24:02', 'THAT\'S the great.', 70),
(519, 1295, '2002-07-12 19:36:46', 'Alice would not.', 71),
(520, 7635, '1991-07-13 03:31:55', 'And oh, my poor.', 72),
(521, 11, '1983-07-21 20:55:00', 'March.\' As she.', 73),
(522, 332, '2011-03-19 02:23:22', 'Alice, as she.', 74),
(523, 7272, '1999-03-24 21:27:21', 'Rabbit noticed.', 75),
(524, 1852, '2018-05-19 15:32:52', 'On which Seven.', 76),
(525, 9804, '2003-09-09 22:36:42', 'For some minutes.', 77),
(526, 9359, '1982-08-19 03:59:46', 'But there seemed.', 78),
(527, 8591, '1993-11-07 23:03:00', 'The only things in.', 79),
(528, 3140, '2002-11-25 08:57:33', 'She soon got it.', 80),
(529, 8154, '1993-04-18 23:56:30', 'Mock Turtle had.', 81),
(530, 4095, '1997-12-20 12:31:04', 'Alice thought this.', 82),
(531, 3017, '1981-01-03 08:17:21', 'Alice, \'it would.', 83),
(532, 9670, '2010-10-03 21:17:50', 'However, I\'ve got.', 84),
(536, 1881, '1989-04-13 02:24:29', 'There was exactly.', 88),
(537, 8910, '1977-04-24 11:10:12', 'Why, I haven\'t had.', 89),
(538, 1325, '2007-07-01 13:26:18', 'The long grass.', 90),
(539, 2835, '2006-10-21 17:44:45', 'Mouse only growled.', 91),
(540, 6076, '1993-01-26 14:40:11', 'I will just.', 92),
(541, 5019, '2016-12-08 14:26:03', 'Duchess\'s cook..', 93),
(542, 264, '2018-04-01 03:09:25', 'King said gravely,.', 94),
(543, 82, '2008-09-07 13:39:29', 'I THINK; or is it.', 95),
(544, 436, '2016-03-05 03:16:02', 'Alice; \'I can\'t.', 96),
(545, 2527, '2001-12-11 18:13:10', 'I ever was at the.', 97),
(546, 2628, '2013-05-30 06:08:50', 'Gryphon, the.', 98),
(547, 5701, '1991-09-01 14:16:49', 'Trims his belt and.', 99),
(548, 8448, '2003-01-15 03:15:47', 'Alice did not.', 100),
(549, 201, '1993-08-24 22:16:17', 'Duchess\'s knee,.', 101),
(550, 9445, '1981-10-11 01:32:50', 'VERY wide, but she.', 102),
(551, 7120, '2013-02-13 23:17:05', 'Duchess said to.', 103),
(552, 7110, '1985-04-01 19:11:31', 'Alice. It looked.', 104),
(553, 7022, '1988-10-10 01:30:50', 'Tortoise because.', 105),
(554, 9843, '1996-06-24 14:57:42', 'March--just before.', 106),
(555, 2756, '1973-12-25 16:05:56', 'M, such as.', 107),
(556, 9701, '1997-03-04 23:10:02', 'She soon got it.', 108),
(557, 9801, '1996-09-09 11:54:51', 'ONE.\' \'One,.', 109),
(558, 3811, '1995-10-15 19:40:24', 'Dodo could not.', 110),
(559, 8013, '1998-08-07 09:16:23', 'While the Duchess.', 111),
(560, 8225, '1977-02-10 17:17:43', 'The further off.', 112),
(564, 2866, '1984-09-13 01:24:54', 'SAID was, \'Why is.', 4),
(565, 834, '1995-03-02 00:25:44', 'Bill, the Lizard).', 5),
(566, 5896, '1976-02-13 18:00:51', 'CHAPTER III. A.', 6),
(567, 4291, '1973-07-10 22:39:12', 'Alice. \'Did you.', 7),
(568, 7471, '1972-05-29 20:58:17', 'Gryphon. \'Do you.', 8),
(569, 6395, '2008-01-08 17:22:26', 'Hatter. He had.', 9),
(570, 1397, '1971-10-28 15:50:59', 'The cook threw a.', 10),
(571, 6906, '1997-10-18 05:29:48', 'Mock Turtle. \'Very.', 11),
(572, 2491, '1987-04-07 21:58:17', 'Once more she.', 12),
(573, 2551, '1977-07-05 07:21:46', 'SIT down,\' the.', 13),
(574, 9376, '1997-12-13 04:23:05', 'Alice; \'it\'s laid.', 14),
(575, 1239, '1989-11-14 22:43:41', 'OUTSIDE.\' He.', 15),
(576, 7910, '2005-06-14 02:52:13', 'King in a great.', 16),
(577, 9426, '1989-06-09 21:38:29', 'Suddenly she came.', 17),
(578, 6494, '1984-09-12 08:47:35', 'Queen was close.', 18),
(579, 6225, '1994-09-01 17:58:04', 'The Hatter shook.', 19),
(580, 6647, '1995-05-18 09:09:35', 'Alice thought this.', 20),
(581, 1019, '2011-02-17 16:11:09', 'So she was small.', 21),
(582, 9743, '1972-10-17 07:28:48', 'The Fish-Footman.', 22),
(583, 5184, '1972-10-23 10:05:09', 'March Hare took.', 23),
(584, 3082, '1972-09-09 23:05:39', 'Alice: \'three.', 24),
(585, 5577, '1996-02-23 14:07:52', 'Mouse, do you mean.', 25),
(586, 3510, '1983-09-07 18:05:06', 'I don\'t take this.', 26),
(587, 1183, '2000-03-29 23:19:12', 'Lizard) could not.', 27),
(588, 1033, '1980-01-19 22:54:59', 'Mabel, for I know.', 28),
(592, 8403, '2002-04-26 08:51:24', 'Dodo replied very.', 32),
(593, 7518, '1990-05-09 09:06:30', 'Prizes!\' Alice had.', 33),
(594, 1674, '1977-06-13 12:13:52', 'Mouse replied.', 34),
(595, 8935, '1972-09-28 10:00:13', 'Alice, who was.', 35),
(596, 4583, '1987-06-30 21:24:34', 'Alice thought.', 36),
(597, 6556, '1984-02-03 12:43:19', 'I\'ve often seen a.', 37),
(598, 9076, '1982-10-03 22:57:54', 'Mock Turtle yet?\'.', 38),
(599, 5353, '1971-11-02 04:15:18', 'There could be NO.', 39),
(600, 6132, '1984-10-12 16:48:26', 'Alice, as she left.', 40),
(601, 7075, '1976-06-14 01:46:14', 'Beautiful,.', 41),
(602, 218, '1998-07-05 10:44:58', 'Alice was.', 42),
(603, 5684, '1997-09-02 13:58:56', 'March Hare. Alice.', 43),
(604, 3096, '2014-11-16 12:57:35', 'Hatter, and here.', 44),
(605, 7681, '2002-09-17 01:20:09', 'Majesty,\' said.', 45),
(606, 2126, '1986-09-07 09:03:51', 'It was, no doubt:.', 46),
(607, 4277, '1978-01-31 23:44:46', 'Alice\'s, and they.', 47),
(608, 7345, '1975-11-12 11:53:29', 'Duchess\'s voice.', 48),
(609, 8380, '1994-02-07 18:25:05', 'She got up this.', 49),
(610, 8963, '2018-07-10 18:14:56', 'Alice. \'Of course.', 50),
(611, 3548, '2016-10-04 20:21:24', 'Alice asked. \'We.', 51),
(612, 9342, '1975-07-18 07:05:51', 'King, \'or I\'ll.', 52),
(613, 4733, '1981-08-05 09:57:13', 'Dormouse,\' thought.', 53),
(614, 9630, '1975-10-15 16:07:41', 'Dormouse; \'VERY.', 54),
(615, 6961, '1997-12-22 08:27:27', 'How puzzling all.', 55),
(616, 619, '1984-07-01 10:02:30', 'Shakespeare, in.', 56),
(620, 7192, '1976-03-21 07:34:45', 'Alice replied, so.', 60),
(621, 6727, '1987-05-23 05:35:03', 'But here, to.', 61),
(622, 5774, '1988-11-22 16:27:03', 'White Rabbit read.', 62),
(623, 6261, '1970-11-24 09:12:48', 'No, it\'ll never do.', 63),
(624, 4372, '1995-10-05 08:08:33', 'Hatter. \'Nor I,\'.', 64),
(625, 3859, '2005-08-03 12:03:21', 'Alice said.', 65),
(626, 616, '1986-10-20 06:01:48', 'Alice thought this.', 66),
(627, 5958, '1994-02-08 12:50:58', 'Even the Duchess.', 67),
(628, 5358, '2005-12-04 04:48:32', 'They were indeed a.', 68),
(629, 5746, '2007-10-29 00:13:04', 'Cat, and vanished..', 69),
(630, 1264, '2010-05-06 05:18:45', 'Mock Turtle.', 70),
(631, 1574, '1991-03-22 20:00:12', 'And it\'ll fetch.', 71),
(632, 3769, '1981-09-30 19:56:09', 'There was a paper.', 72),
(633, 3227, '2015-09-05 20:16:37', 'Alice)--\'and.', 73),
(634, 4230, '2014-03-18 15:40:26', 'I\'m better.', 74),
(635, 2322, '1995-03-14 21:14:41', 'Rabbit\'s little.', 75),
(636, 803, '2015-10-02 02:30:00', 'Caterpillar..', 76),
(637, 4865, '1972-12-05 22:59:22', 'CHAPTER IX. The.', 77),
(638, 7989, '1993-01-27 02:30:06', 'I hadn\'t drunk.', 78),
(639, 8792, '1993-11-06 09:25:24', 'Alice, and she.', 79),
(640, 1205, '1980-09-17 23:36:23', 'Alice. \'And where.', 80),
(641, 2241, '1998-01-15 17:21:41', 'COULD grin.\' \'They.', 81),
(642, 9812, '1975-02-26 20:33:09', 'I\'ll get into that.', 82),
(643, 3090, '1988-06-13 22:45:56', 'HIS time of life..', 83),
(644, 3212, '1989-08-23 16:13:46', 'Alice replied.', 84),
(648, 4850, '1983-09-02 03:21:11', 'Gryphon, and,.', 88),
(649, 9379, '1988-04-29 11:28:01', 'However, when they.', 89),
(650, 4268, '2003-12-14 03:15:30', 'Mock Turtle, and.', 90),
(651, 8468, '1975-12-25 13:17:04', 'Alice; \'you.', 91),
(652, 5882, '1988-10-29 05:51:27', 'King exclaimed,.', 92),
(653, 4908, '1981-07-26 02:20:58', 'By the use of a.', 93),
(654, 6383, '1970-04-27 06:02:54', 'Alice began to.', 94),
(655, 7333, '2017-11-15 20:42:52', 'The door led right.', 95),
(656, 5784, '1972-01-09 13:33:36', 'She did it so.', 96),
(657, 8218, '1980-01-13 15:51:09', 'Mock Turtle, and.', 97),
(658, 9523, '1984-05-22 08:03:19', 'King replied. Here.', 98),
(659, 1281, '2005-05-18 18:40:18', 'Do you think you.', 99),
(660, 1419, '2002-04-21 06:12:35', 'Gryphon went on,.', 100),
(661, 2951, '2007-03-30 08:33:17', 'Longitude either,.', 101),
(662, 7883, '1985-02-11 10:55:38', 'March Hare had.', 102),
(663, 3279, '2000-08-13 10:27:30', 'So Alice got up.', 103),
(664, 9440, '1994-02-01 23:34:03', 'So she began.', 104),
(665, 4428, '2008-01-24 16:45:34', 'March Hare said to.', 105),
(666, 8758, '1974-11-04 16:47:28', 'And she began.', 106),
(667, 9125, '2002-05-16 14:52:31', 'MINE.\' The Queen.', 107),
(668, 4965, '2004-07-05 04:30:31', 'It\'s the most.', 108),
(669, 1817, '1985-01-07 22:42:27', 'Then followed the.', 109),
(670, 4249, '1976-08-25 23:40:05', 'Alice as he spoke,.', 110),
(671, 598, '2014-08-30 20:01:01', 'Who in the air,.', 111),
(672, 1820, '1998-06-12 20:33:52', 'Some of the.', 112),
(676, 5729, '2003-01-25 10:16:28', 'I breathe\"!\' \'It.', 4),
(677, 2256, '2007-02-21 13:32:40', 'Mind now!\' The.', 5),
(678, 1799, '1985-03-19 20:38:39', 'Alice panted as.', 6),
(679, 1992, '2006-12-27 10:54:58', 'Poor Alice! It was.', 7),
(680, 5518, '1992-01-22 12:56:41', 'Bill! I wouldn\'t.', 8),
(681, 8719, '1996-05-29 10:40:08', 'Queen was in such.', 9),
(682, 2269, '2006-02-19 02:11:48', 'My notion was that.', 10),
(683, 9851, '1984-09-06 02:37:18', 'King. \'Nothing.', 11),
(684, 172, '1984-05-27 00:31:06', 'Alice heard the.', 12),
(685, 3594, '1977-11-06 16:04:18', 'Alice in a.', 13),
(686, 2054, '2018-06-22 11:33:46', 'White Rabbit; \'in.', 14),
(687, 9081, '1972-12-20 03:16:22', 'Cat. \'I don\'t.', 15),
(688, 8623, '1980-11-10 21:10:41', 'Classics master,.', 16),
(689, 9547, '1973-07-25 05:58:58', 'I\'d hardly.', 17),
(690, 4138, '1984-10-04 08:29:46', 'Duck and a sad.', 18),
(691, 5716, '2007-12-16 07:33:45', 'And with that she.', 19),
(692, 7716, '1997-08-07 19:35:00', 'Tortoise, if he.', 20),
(693, 899, '1985-04-11 21:19:13', 'AND.', 21),
(694, 7017, '2004-01-21 02:58:12', 'Oh my fur and.', 22),
(695, 5557, '1983-05-03 13:42:49', 'CAN have happened.', 23),
(696, 9006, '1975-11-14 20:18:25', 'Alice to herself..', 24),
(697, 6166, '1986-12-24 11:07:08', 'Dormouse shook.', 25),
(698, 9640, '1989-06-07 16:18:28', 'Majesty,\' the.', 26),
(699, 7262, '1998-11-29 16:15:55', 'Alice crouched.', 27),
(700, 1981, '1970-12-31 14:15:23', 'His voice has a.', 28),
(704, 9779, '1981-04-04 18:56:16', 'And yet you.', 32),
(705, 2114, '1992-03-18 08:16:34', 'I suppose you\'ll.', 33),
(706, 4237, '1970-11-12 04:53:28', 'ME, and told me.', 34),
(707, 5447, '1997-06-25 12:15:57', 'Alice, and.', 35),
(708, 6999, '1975-01-18 17:39:19', 'I must have been a.', 36),
(709, 7205, '1994-07-31 05:04:31', 'The other guests.', 37),
(710, 5147, '2015-05-04 10:34:35', 'The other side of.', 38),
(711, 3796, '1998-08-21 04:46:09', 'King, and the.', 39),
(712, 6660, '2013-03-19 15:28:14', 'Hatter. Alice felt.', 40),
(713, 721, '1985-03-12 12:30:14', 'King; \'and don\'t.', 41),
(714, 123, '1971-09-30 16:41:36', 'After these came.', 42),
(715, 7889, '2006-07-17 21:08:13', 'But she went on:.', 43),
(716, 2067, '2000-12-14 19:56:37', 'IN the well,\'.', 44),
(717, 3053, '1994-11-26 18:15:29', 'I say--that\'s the.', 45),
(718, 330, '1991-11-11 22:59:28', 'Alice with one.', 46),
(719, 2905, '1993-02-09 19:50:28', 'Why, I haven\'t.', 47),
(720, 5687, '2007-11-11 17:40:01', 'CAN all that green.', 48),
(721, 1099, '2000-08-30 02:27:41', 'Fury: \"I\'ll try.', 49),
(722, 6007, '2012-12-10 01:58:10', 'I shall be late!\'.', 50),
(723, 7462, '1970-07-20 23:10:45', 'There was a body.', 51),
(724, 1927, '1975-08-07 18:03:56', 'Alice (she was so.', 52),
(725, 857, '1997-08-13 20:39:31', 'YOUR table,\' said.', 53),
(726, 9316, '1999-12-21 14:33:19', 'Lory, with a sigh:.', 54),
(727, 7328, '1983-11-19 03:08:22', 'I COULD NOT.', 55),
(728, 3823, '1997-08-02 22:44:40', 'Duchess: \'and the.', 56),
(732, 4105, '2009-08-31 09:04:54', 'A little.', 60),
(733, 1039, '1978-08-18 02:26:45', 'Mock Turtle.', 61),
(734, 304, '1994-07-28 14:17:20', 'The Mock Turtle.', 62),
(735, 6357, '1978-06-10 15:38:13', 'The jury all.', 63),
(736, 9899, '1993-04-11 00:15:05', 'Presently she.', 64),
(737, 8321, '2010-12-24 00:42:15', 'So she set to.', 65),
(738, 9790, '1971-08-20 16:18:30', 'Lizard as she swam.', 66),
(739, 3080, '1989-12-25 02:53:54', 'Cheshire cat,\'.', 67),
(740, 7812, '1997-12-22 22:38:01', 'Mock Turtle in a.', 68),
(741, 6692, '1997-08-21 19:01:05', 'I only wish people.', 69),
(742, 7336, '2005-11-06 10:36:31', 'Dormouse is asleep.', 70),
(743, 8359, '2010-11-01 22:30:08', 'Alice replied:.', 71),
(744, 8773, '1971-11-12 04:17:27', 'While she was now.', 72),
(745, 6237, '1984-08-18 16:00:08', 'Alice could only.', 73),
(746, 4396, '2001-02-15 23:11:27', 'I could not help.', 74),
(747, 4937, '2008-03-18 23:00:18', 'But said I.', 75),
(748, 6635, '1980-10-18 22:42:16', 'Caterpillar; and.', 76),
(749, 9868, '2013-06-10 23:56:59', 'Alice had begun to.', 77),
(750, 8031, '2009-08-18 13:58:51', 'The Mock Turtle.', 78),
(751, 4192, '2000-04-19 07:35:22', 'Duchess said in a.', 79),
(752, 1872, '1995-07-28 02:23:57', 'So she swallowed.', 80),
(753, 6527, '2016-04-15 13:09:59', 'Alice; not that.', 81),
(754, 4647, '1974-01-07 09:24:23', 'This was not a.', 82),
(755, 3923, '2009-05-09 06:24:28', 'She was close.', 83),
(756, 4039, '2003-12-30 23:23:18', 'Gryphon. \'They.', 84),
(760, 795, '1973-09-05 13:30:04', 'So Alice got up.', 88),
(761, 6537, '2013-06-03 07:37:02', 'Lizard, Bill, was.', 89),
(762, 4213, '1989-04-25 22:27:03', 'Alice, swallowing.', 90),
(763, 7607, '2008-10-14 03:23:24', 'As there seemed to.', 91),
(764, 4603, '2017-12-12 09:58:47', 'I give you fair.', 92),
(765, 464, '2004-08-01 00:49:02', 'Dormouse began in.', 93),
(766, 7587, '2013-06-23 17:46:25', 'Alice\'s shoulder,.', 94),
(767, 132, '2008-10-31 00:37:22', 'There was exactly.', 95),
(768, 2422, '2011-11-02 10:40:55', 'Hatter, and here.', 96),
(769, 3383, '1998-01-16 23:29:11', 'Oh, my dear paws!.', 97),
(770, 1382, '1992-06-03 22:42:11', 'Alice. \'Why, you.', 98),
(771, 6359, '1999-08-26 16:01:30', 'And the Gryphon in.', 99),
(772, 8692, '1989-04-30 14:20:10', 'Duck: \'it\'s.', 100),
(773, 3038, '1990-12-02 17:40:33', 'They had a VERY.', 101),
(774, 5254, '1983-01-15 02:41:43', 'If they had to.', 102),
(775, 3861, '1973-04-19 12:55:12', 'T!\' said the.', 103),
(776, 9864, '1979-08-11 15:08:32', 'March Hare. The.', 104),
(777, 2547, '1987-04-12 16:01:57', 'Those whom she.', 105),
(778, 1334, '2010-03-24 18:21:10', 'Alice dodged.', 106),
(779, 7348, '1998-07-20 12:08:30', 'Queen, tossing her.', 107),
(780, 5126, '1971-07-18 18:50:23', 'London is the same.', 108),
(781, 5115, '1973-06-18 16:56:13', 'Alice angrily. \'It.', 109),
(782, 3506, '1982-04-23 18:20:12', 'This time Alice.', 110),
(783, 846, '1986-04-13 00:05:21', 'Rabbit asked. \'No,.', 111),
(784, 434, '2006-01-05 05:36:07', 'March Hare.', 112),
(788, 9950, '1980-11-28 10:20:46', 'Forty-two. ALL.', 4),
(789, 9239, '1988-03-09 07:12:17', 'Mind now!\' The.', 5),
(790, 421, '1999-09-10 01:09:41', 'Which shall sing?\'.', 6),
(791, 919, '1986-05-13 22:10:14', 'March Hare and the.', 7),
(792, 4030, '1976-11-17 07:36:56', 'Please, Ma\'am, is.', 8),
(793, 6941, '2004-06-09 18:02:39', 'She was a most.', 9),
(794, 1169, '1991-05-07 09:28:04', 'Alice had been.', 10),
(795, 5693, '2013-04-05 02:57:13', 'Gryphon, lying.', 11),
(796, 5099, '2013-04-11 00:24:57', 'I can go back and.', 12),
(797, 9983, '2010-11-24 00:22:26', 'Alice. \'Why, there.', 13),
(798, 9890, '2001-08-07 22:48:36', 'SAID was, \'Why is.', 14),
(799, 988, '1984-11-26 05:28:23', '.', 15),
(800, 4486, '2015-11-16 13:36:07', 'Queen never left.', 16),
(801, 8170, '2004-04-20 02:59:13', 'I will prosecute.', 17),
(802, 6895, '1988-12-10 01:17:52', 'Hatter began, in a.', 18),
(803, 6044, '1982-07-22 21:49:39', 'He looked.', 19),
(804, 7748, '2016-09-25 15:42:45', 'And she squeezed.', 20),
(805, 3517, '1997-04-26 02:10:02', 'I am! But I\'d.', 21),
(806, 6698, '1994-05-25 08:02:12', 'King sharply. \'Do.', 22),
(807, 9430, '1984-12-22 22:11:45', 'I don\'t want to.', 23),
(808, 5176, '2002-12-05 04:55:00', 'Miss, this here.', 24),
(809, 6775, '2005-03-02 07:01:40', 'It\'s by far the.', 25),
(810, 8622, '1991-05-29 18:59:28', 'Magpie began.', 26),
(811, 1326, '1999-06-27 23:34:13', 'I\'ve finished.\' So.', 27),
(812, 962, '2010-03-16 00:17:32', 'That\'ll be a grin,.', 28),
(816, 7277, '1977-01-31 13:50:55', 'Dormouse; \'VERY.', 32),
(817, 2492, '2008-05-10 23:36:29', 'ME,\' said Alice.', 33),
(818, 3438, '1984-11-19 02:53:14', 'There was exactly.', 34),
(819, 8384, '1982-04-07 18:16:16', 'French mouse, come.', 35),
(820, 2375, '1990-10-17 08:02:04', 'Would not, could.', 36),
(821, 1512, '1999-02-01 13:41:18', 'I eat\" is the.', 37),
(822, 2342, '1980-06-09 03:32:49', 'But I\'ve got to.', 38),
(823, 8624, '1977-11-23 14:00:31', 'I breathe\"!\' \'It.', 39),
(824, 4097, '2006-12-15 04:15:57', 'Rabbit in a.', 40),
(825, 4002, '1982-01-01 23:53:23', 'Next came the.', 41),
(826, 2676, '2017-12-16 07:09:36', 'King said to a.', 42),
(827, 3810, '1992-05-19 08:30:45', 'Rabbit began..', 43),
(828, 5880, '1986-09-12 18:25:53', 'I was going to.', 44),
(829, 6915, '1970-05-01 06:43:18', 'Alice began to.', 45),
(830, 405, '2011-09-10 11:11:21', 'Gryphon. \'Do you.', 46),
(831, 6849, '1984-07-25 22:57:56', 'A bright idea came.', 47),
(832, 5526, '1990-10-16 05:57:50', 'Prizes!\' Alice had.', 48),
(833, 2633, '1986-09-08 16:39:14', 'The poor little.', 49),
(834, 8284, '1979-06-01 17:25:31', 'Dormouse sulkily.', 50),
(835, 8060, '2012-09-26 16:39:40', 'I beat him when he.', 51),
(836, 8772, '1984-09-27 12:00:02', 'Dormouse denied.', 52),
(837, 1965, '2009-03-25 01:44:14', 'Bill,\' thought.', 53),
(838, 1410, '2000-06-07 23:17:18', 'Soup! \'Beautiful.', 54),
(839, 4904, '2003-10-16 05:20:31', 'I\'m sure _I_.', 55),
(840, 2561, '1985-03-01 16:37:34', 'Lory. Alice.', 56),
(844, 1539, '1980-08-19 06:37:08', 'While the Panther.', 60),
(845, 6149, '1972-02-13 20:53:08', 'Cat went on,.', 61),
(846, 6046, '1996-10-30 11:08:45', 'Gryphon. \'How the.', 62),
(847, 7606, '1989-10-15 08:35:42', 'I may as well as.', 63),
(848, 2957, '1985-09-19 23:05:33', 'Normans--\" How are.', 64),
(849, 1690, '1986-08-02 08:49:36', 'I\'m a deal faster.', 65),
(850, 6916, '2000-08-09 18:38:37', 'Mouse. \'Of.', 66),
(851, 1504, '1993-03-27 22:31:11', 'The cook threw a.', 67),
(852, 7338, '2001-05-05 01:10:35', 'Caterpillar.', 68),
(853, 2588, '2009-07-27 23:55:30', 'However, on the.', 69),
(854, 552, '2011-04-03 10:22:25', 'Alice. \'Why, there.', 70),
(855, 6335, '1989-08-24 14:21:38', 'IT. It\'s HIM.\' \'I.', 71),
(856, 9394, '2008-04-15 11:40:47', 'Nile On every.', 72),
(857, 4100, '1977-11-19 13:58:35', 'White Rabbit.', 73),
(858, 570, '2014-08-17 05:54:56', 'Gryphon said, in a.', 74),
(859, 8884, '1993-12-24 07:00:47', 'The Mouse looked.', 75),
(860, 6187, '2012-05-15 18:19:48', 'Alice. \'Then it.', 76),
(861, 4778, '1989-10-14 13:35:26', 'Gryphon.', 77),
(862, 9606, '1976-10-20 05:09:14', 'Alice considered a.', 78),
(863, 6833, '1997-06-11 22:10:05', 'MUST have meant.', 79),
(864, 854, '2003-07-09 17:48:19', 'And I declare it\'s.', 80),
(865, 6042, '1978-09-27 09:24:16', 'I shall be late!\'.', 81),
(866, 3289, '2017-06-12 21:35:33', 'Alice had not the.', 82),
(867, 4875, '1996-11-04 18:21:39', 'Alice said very.', 83),
(868, 3332, '2015-10-11 03:48:33', 'Hatter, \'when the.', 84),
(872, 4591, '2007-07-01 13:58:48', 'ARE OLD, FATHER.', 88),
(873, 2277, '1987-12-22 06:27:02', 'White Rabbit read.', 89),
(874, 1741, '1997-05-17 19:35:35', 'That your eye was.', 90),
(875, 2171, '1980-10-09 13:44:05', 'Gryphon repeated.', 91),
(876, 2406, '1975-06-02 22:59:34', 'I grow at a king,\'.', 92),
(877, 6349, '1980-01-17 09:25:38', 'Alice, and her.', 93),
(878, 1317, '1985-11-18 22:32:02', 'ME,\' said Alice a.', 94),
(879, 8587, '1986-09-25 10:49:37', 'YOU are, first.\'.', 95),
(880, 8249, '1980-09-01 19:49:16', 'It was so much.', 96),
(881, 5993, '2014-07-26 02:53:57', 'Caterpillar.', 97),
(882, 6808, '1994-03-10 00:44:57', 'Queen\'s ears--\'.', 98),
(883, 5592, '2010-12-13 07:41:50', 'I should be like.', 99),
(884, 1773, '2016-12-16 09:59:39', 'Dormouse again, so.', 100),
(885, 4431, '1981-06-08 12:30:50', 'He looked at.', 101),
(886, 3627, '1993-05-16 22:48:44', 'Dormouse; \'--well.', 102),
(887, 812, '2013-07-06 21:29:32', 'Lizard as she went.', 103),
(888, 8461, '2011-11-09 02:51:44', 'Mouse replied.', 104),
(889, 6163, '2005-06-02 06:46:04', 'Last came a little.', 105),
(890, 7733, '1997-10-21 12:32:03', 'Alice)--\'and.', 106),
(891, 2922, '1974-09-20 11:30:32', 'I think I can do.', 107),
(892, 9377, '1970-08-27 03:36:19', 'The Cat seemed to.', 108),
(893, 1585, '1980-10-22 20:13:00', 'But at any rate:.', 109),
(894, 5413, '1987-09-13 13:34:08', 'Alice knew it was.', 110),
(895, 2348, '1977-05-22 21:52:33', 'English. \'I don\'t.', 111),
(896, 5296, '1976-03-29 23:41:10', 'Mock Turtle.', 112),
(900, 2040, '1978-10-29 18:03:12', 'Pat, what\'s that.', 4),
(901, 1476, '1988-03-13 17:16:51', 'THIS!\' (Sounds of.', 5),
(902, 8959, '2000-03-14 16:38:05', 'March Hare moved.', 6),
(903, 9351, '2001-04-26 19:27:57', 'Alice went on for.', 7),
(904, 5446, '1970-02-11 06:38:05', 'If they had been.', 8),
(905, 7305, '1981-04-25 08:44:38', 'Do you think you.', 9),
(906, 7654, '1978-04-11 09:42:47', 'March Hare. \'I.', 10),
(907, 2482, '1976-09-05 09:22:19', 'Alice, as she.', 11),
(908, 6104, '2015-12-29 04:07:59', 'Alice, who was a.', 12),
(909, 7922, '1981-12-28 10:02:09', 'Bill!\' then the.', 13),
(910, 5304, '1981-03-19 15:26:36', 'Alice, \'shall I.', 14),
(911, 2848, '2003-11-15 03:09:49', 'Alice, \'how am I.', 15),
(912, 151, '2015-01-10 10:15:54', 'Alice led the way,.', 16),
(913, 5235, '1994-12-23 07:28:21', 'Alice coming..', 17),
(914, 8295, '1999-07-07 13:30:47', 'Cheshire Cat, she.', 18),
(915, 1637, '2001-11-23 19:54:33', 'Forty-two. ALL.', 19),
(916, 5723, '1974-10-29 16:39:21', 'She pitied him.', 20),
(917, 4756, '2007-04-30 04:24:22', 'Why, there\'s.', 21),
(918, 6686, '1989-07-01 04:13:43', 'The first question.', 22),
(919, 7007, '1976-01-08 16:05:41', 'Alice in a hurried.', 23),
(920, 6498, '2018-06-05 05:25:08', 'Gryphon went on.', 24),
(921, 6596, '2011-05-21 16:10:06', 'I can say.\' This.', 25),
(922, 4304, '2014-04-17 11:00:53', 'Alice guessed who.', 26),
(923, 6277, '1984-08-28 19:53:13', 'I\'ve seen that.', 27),
(924, 7979, '2010-12-30 12:35:05', 'I think I can.', 28),
(928, 9977, '1985-10-18 15:52:25', 'Alice: \'I don\'t.', 32),
(929, 4158, '2016-07-17 03:50:07', 'I hate cats and.', 33),
(930, 7111, '2013-11-15 08:09:24', 'White Rabbit blew.', 34),
(931, 6712, '1987-02-04 10:02:02', 'Soup!.', 35),
(932, 3879, '1972-01-20 19:00:17', 'Alice soon came.', 36),
(933, 2420, '2006-11-24 19:49:58', 'But the insolence.', 37),
(934, 5315, '2017-12-19 05:56:15', 'Alice turned and.', 38),
(935, 5836, '1972-08-18 05:28:05', 'THE.', 39),
(936, 9196, '1993-04-20 16:58:39', 'Dodo had paused as.', 40),
(937, 6231, '2001-07-18 21:52:02', 'I mentioned.', 41),
(938, 1198, '2008-12-31 13:34:49', 'OURS they had to.', 42),
(939, 8797, '2005-10-16 08:24:19', 'Beautiful,.', 43),
(940, 3793, '2002-06-12 01:53:06', 'Bill! the master.', 44),
(941, 3734, '1980-03-05 06:29:58', 'Alice watched the.', 45),
(942, 100, '1975-05-23 13:50:55', 'Gryphon went on in.', 46),
(943, 3803, '1978-05-26 23:44:10', 'Alice had never.', 47),
(944, 296, '2010-01-08 18:55:50', 'There was exactly.', 48),
(945, 6936, '1988-07-09 03:47:52', 'Alice, \'it\'s very.', 49),
(946, 2149, '1985-01-29 12:21:42', 'Oh, I shouldn\'t.', 50),
(947, 4469, '1993-11-04 04:38:46', 'It did so indeed,.', 51),
(948, 3795, '2013-11-09 23:43:03', 'I\'m not particular.', 52),
(949, 4174, '2011-07-26 13:04:20', 'I BEG your.', 53),
(950, 1086, '1993-07-23 10:30:55', 'She said it to be.', 54),
(951, 4516, '1979-10-03 03:15:32', 'She went in.', 55),
(952, 1013, '1982-10-19 15:09:35', 'I must be.', 56),
(956, 9901, '1986-11-12 23:12:25', 'Queen. \'Well, I.', 60),
(957, 4690, '1999-07-14 05:59:46', 'Alice had been all.', 61);
INSERT INTO `datalogger` (`iddatalogger`, `data`, `date`, `comments`, `idcapteur`) VALUES
(958, 4642, '1973-11-29 05:03:29', 'The executioner\'s.', 62),
(959, 6996, '2006-01-20 23:29:57', 'Alice, a little.', 63),
(960, 8099, '1984-02-12 23:52:33', 'Hatter were having.', 64),
(961, 736, '2015-12-13 14:36:15', 'Duchess to play.', 65),
(962, 1319, '1997-04-04 00:54:33', 'Mary Ann, what ARE.', 66),
(963, 6513, '2001-03-25 04:27:55', 'Who ever saw one.', 67),
(964, 64, '1997-01-06 00:23:36', 'Queen of Hearts,.', 68),
(965, 3066, '1974-07-05 12:02:03', 'There was nothing.', 69),
(966, 4134, '1994-04-18 20:04:27', 'Then the Queen say.', 70),
(967, 4735, '1986-07-27 09:48:31', 'Dormouse. \'Don\'t.', 71),
(968, 6263, '1986-01-11 07:31:38', 'I get it home?\'.', 72),
(969, 9166, '2016-09-17 03:47:32', 'Alice hastily.', 73),
(970, 6776, '1983-07-18 01:28:59', 'Alice, \'it would.', 74),
(971, 4651, '1985-03-15 09:34:16', 'March Hare. \'He.', 75),
(972, 6539, '1995-12-19 22:31:22', 'He looked at the.', 76),
(973, 8152, '2015-10-13 04:41:34', 'Like a tea-tray in.', 77),
(974, 3267, '2014-04-29 20:06:20', 'The master was an.', 78),
(975, 6861, '1978-03-17 13:13:31', 'Run home this.', 79),
(976, 3961, '2010-12-17 23:13:33', 'I\'m sure _I_.', 80),
(977, 1519, '2013-06-25 00:14:11', 'What would become.', 81),
(978, 8372, '2002-10-21 22:00:24', 'CHAPTER X. The.', 82),
(979, 8500, '2017-06-17 04:21:59', 'Prizes!\' Alice had.', 83),
(980, 9321, '1973-09-07 01:30:59', 'I was going a.', 84),
(984, 4614, '1987-07-31 15:44:37', 'I\'ve got to the.', 88),
(985, 6440, '1970-03-16 16:05:26', 'KNOW IT TO BE.', 89),
(986, 3465, '1988-08-20 07:55:06', 'Cat. \'Do you take.', 90),
(987, 2963, '1975-09-29 09:22:26', 'Time!\' \'Perhaps.', 91),
(988, 8365, '1994-03-26 13:24:00', 'Alice, \'and those.', 92),
(989, 9727, '1994-05-22 14:38:31', 'I heard him.', 93),
(990, 6088, '2009-05-11 10:16:18', 'Queen, and in a.', 94),
(991, 6077, '2016-01-01 19:25:31', 'I can listen all.', 95),
(992, 3894, '1979-03-28 04:45:49', 'Indeed, she had to.', 96),
(993, 742, '1993-06-06 04:15:34', 'Lory, as soon as.', 97),
(994, 8188, '2009-05-24 03:32:15', 'Alice. \'Nothing.', 98),
(995, 5010, '2008-12-22 06:28:34', 'I!\' he replied..', 99),
(996, 9227, '2006-06-28 22:22:24', 'Then the Queen.', 100),
(997, 6840, '1978-10-23 05:13:48', 'They all sat down.', 101),
(998, 4360, '2000-07-31 09:27:45', 'King in a low.', 102),
(999, 8023, '1992-03-27 09:22:51', 'Five, who had been.', 103),
(1000, 2388, '2001-12-15 07:53:08', 'Queen till she too.', 104),
(1001, 2472, '1993-12-22 02:34:03', 'Gryphon answered,.', 105),
(1002, 9604, '2008-10-26 23:22:01', 'Mock Turtle in a.', 106),
(1003, 7445, '1980-05-15 04:54:45', 'EVER happen in a.', 107),
(1004, 4404, '1989-04-21 18:58:27', 'English, who.', 108),
(1005, 1218, '1989-03-12 21:11:12', 'I am in the.', 109),
(1006, 5410, '1975-09-03 13:53:24', 'I!\' said the.', 110),
(1007, 1336, '1995-02-09 16:01:14', 'I to get very.', 111),
(1008, 5069, '1971-05-03 03:14:33', 'After a while she.', 112),
(1012, 5068, '1972-12-31 14:39:06', 'Will you, won\'t.', 4),
(1013, 9288, '1988-10-21 13:31:34', 'Alice to find.', 5),
(1014, 2576, '2012-10-17 08:22:44', 'Gryphon. \'Well, I.', 6),
(1015, 2208, '1984-04-25 21:42:58', 'ME,\' said Alice to.', 7),
(1016, 2217, '2012-11-11 12:47:04', 'The Cat only.', 8),
(1017, 6850, '1971-11-28 19:40:52', 'Alice panted as.', 9),
(1018, 275, '1973-09-13 08:30:01', 'Hatter went on,.', 10),
(1019, 4915, '1990-01-31 07:53:18', 'Alice thought to.', 11),
(1020, 3904, '2006-07-18 12:52:44', 'So you see, Miss,.', 12),
(1021, 6510, '1988-06-09 20:21:54', 'March Hare went.', 13),
(1022, 6138, '2001-08-26 13:33:26', 'The Mouse did not.', 14),
(1023, 6315, '1987-02-13 23:33:23', 'CAN all that.', 15),
(1024, 2333, '2017-01-25 02:54:42', 'The Mock Turtle.', 16),
(1025, 3778, '2001-05-01 06:32:15', 'ME, and told me he.', 17),
(1026, 9025, '1997-09-13 11:33:16', 'Hatter: \'as the.', 18),
(1027, 4747, '1997-11-10 00:19:48', 'He was looking at.', 19),
(1028, 8252, '1981-11-02 12:44:48', 'His voice has a.', 20),
(1029, 1608, '1996-06-30 16:03:30', 'I only wish it.', 21),
(1030, 3467, '1999-11-06 21:11:49', 'I only wish people.', 22),
(1031, 8502, '2009-07-16 17:34:24', 'Alice the moment.', 23),
(1032, 6910, '1995-08-18 20:11:53', 'Alice hastily,.', 24),
(1033, 2181, '1997-08-26 01:53:16', 'Alice remarked..', 25),
(1034, 8995, '1993-08-18 01:01:40', 'I ought to eat the.', 26),
(1035, 5759, '1995-07-09 01:15:31', 'Cat; and this time.', 27),
(1036, 6003, '2000-12-24 21:03:42', 'Adventures, till.', 28),
(1040, 8813, '1992-12-29 16:40:12', 'Alice in a great.', 32),
(1041, 5963, '2006-10-04 00:56:12', 'Alice\'s side as.', 33),
(1042, 4245, '1990-10-28 07:59:11', 'I\'d been the.', 34),
(1043, 1487, '1990-12-22 00:26:55', 'He looked at.', 35),
(1044, 6247, '2011-08-14 22:42:12', 'And then, turning.', 36),
(1045, 6613, '1972-05-31 23:34:00', 'Alice, \'they\'re.', 37),
(1046, 9335, '1988-05-13 20:35:48', 'Which way?\',.', 38),
(1047, 15, '1998-10-05 17:26:25', 'Alice. One of the.', 39),
(1048, 9223, '1998-10-23 00:08:33', 'And beat him when.', 40),
(1049, 5734, '1988-01-05 23:51:00', 'WAS no one could.', 41),
(1050, 5364, '1975-05-25 00:33:20', 'Alice, seriously,.', 42),
(1051, 4393, '2001-07-28 11:20:44', 'Gryphon.', 43),
(1052, 845, '1996-07-30 02:23:57', 'Queen shouted at.', 44),
(1053, 2776, '2014-10-10 01:21:31', 'Alice, who was.', 45),
(1054, 19, '2004-12-07 21:29:10', 'There was not much.', 46),
(1055, 4373, '2007-12-03 02:14:13', 'Hatter. This piece.', 47),
(1056, 3993, '1973-07-09 12:05:51', 'HER about it.\'.', 48),
(1057, 2036, '1978-02-14 10:12:24', 'March Hare went.', 49),
(1058, 271, '2018-09-03 07:20:26', 'It quite makes my.', 50),
(1059, 2304, '1994-02-27 06:40:50', 'Alice; \'only, as.', 51),
(1060, 439, '2004-09-15 17:11:15', 'However, I\'ve got.', 52),
(1061, 3200, '1993-06-11 09:51:25', 'Alice thought to.', 53),
(1062, 6228, '2013-02-09 11:15:27', 'Dormouse shall!\'.', 54),
(1063, 5999, '2015-02-24 03:24:04', 'Caterpillar. This.', 55),
(1064, 8545, '1974-12-03 23:46:39', 'She had not gone.', 56),
(1068, 9759, '2008-02-15 18:02:45', 'Queen turned.', 60),
(1069, 8322, '2011-05-03 12:28:50', 'SOME change in my.', 61),
(1070, 4817, '2016-02-22 09:28:13', 'Dinah, if I might.', 62),
(1071, 7228, '1983-04-25 08:53:05', 'March Hare and the.', 63),
(1072, 4065, '1999-11-13 14:14:43', 'Just at this.', 64),
(1073, 4970, '2010-02-20 03:26:11', 'She pitied him.', 65),
(1074, 7024, '2013-10-10 00:46:58', 'I\'ve offended it.', 66),
(1075, 9514, '2005-11-03 07:16:25', 'IS that to be no.', 67),
(1076, 8538, '1985-12-25 08:50:13', 'And with that she.', 68),
(1077, 1084, '2003-06-25 17:40:47', 'I COULD NOT.', 69),
(1078, 6096, '1987-12-06 06:02:14', 'Alice; \'I daresay.', 70),
(1079, 7368, '2010-11-16 14:17:26', 'Alice, \'they\'re.', 71),
(1080, 617, '2007-07-12 16:18:54', 'And the.', 72),
(1081, 4906, '1970-09-14 02:09:13', 'Down, down, down..', 73),
(1082, 138, '2010-07-16 18:20:59', 'VERY unpleasant.', 74),
(1083, 7296, '2008-07-26 20:11:37', 'Alice had no very.', 75),
(1084, 6102, '1973-03-04 19:38:22', 'So Alice got up.', 76),
(1085, 4787, '1994-11-30 14:13:49', 'King eagerly, and.', 77),
(1086, 8401, '1980-12-27 13:56:24', 'King, the Queen,.', 78),
(1087, 2023, '2006-08-21 01:18:22', 'I don\'t put my arm.', 79),
(1088, 3122, '1991-04-15 06:33:59', 'Alice more boldly:.', 80),
(1089, 9388, '1986-02-17 18:52:05', 'His voice has a.', 81),
(1090, 3037, '1992-09-16 13:46:30', 'King looked.', 82),
(1091, 8893, '2017-05-26 20:29:29', 'In another minute.', 83),
(1092, 9274, '2008-06-05 22:25:42', 'Mock Turtle had.', 84),
(1096, 9761, '1975-05-15 19:36:14', 'M?\' said Alice..', 88),
(1097, 7700, '2005-01-28 00:51:19', 'Bill!\' then the.', 89),
(1098, 7860, '2001-06-23 16:56:45', 'That WILL be a.', 90),
(1099, 1458, '1971-02-20 12:50:59', 'I\'ll never go.', 91),
(1100, 4066, '1983-02-27 03:44:25', 'And she tried hard.', 92),
(1101, 3157, '1970-12-22 21:37:57', 'VERY much out of.', 93),
(1102, 68, '1990-05-22 13:41:50', 'And when I sleep\".', 94),
(1103, 9867, '1976-11-28 17:44:27', 'Duchess. \'I make.', 95),
(1104, 4684, '1987-03-08 05:02:45', 'Alice heard the.', 96),
(1105, 8644, '1989-11-22 03:57:18', 'Mock Turtle:.', 97),
(1106, 4130, '2013-09-12 01:43:25', 'Hatter, and, just.', 98),
(1107, 3624, '1978-08-05 05:24:33', 'Who for such a.', 99),
(1108, 8310, '2000-02-29 17:31:38', 'Last came a little.', 100),
(1109, 253, '1990-07-17 23:24:27', 'Alice; \'but when.', 101),
(1110, 907, '1973-01-16 01:58:02', 'French.', 102),
(1111, 2398, '1979-10-03 14:22:02', 'How puzzling all.', 103),
(1112, 7792, '1985-11-19 02:38:03', 'He looked at Two..', 104),
(1113, 303, '1977-09-17 09:14:35', 'She was looking at.', 105),
(1114, 3948, '2015-08-16 01:35:43', 'French mouse, come.', 106),
(1115, 5749, '2007-05-26 20:43:37', 'ME\' were.', 107),
(1116, 6471, '2009-02-24 10:48:58', 'I hadn\'t quite.', 108),
(1117, 6568, '1991-05-28 12:25:02', 'She went in.', 109),
(1118, 4029, '1995-04-19 05:35:49', 'How she longed to.', 110),
(1119, 8667, '2016-04-15 20:53:48', 'So she set off at.', 111),
(1120, 3040, '1988-12-11 09:46:19', 'Alice said to.', 112),
(1139, 4849, '1982-06-23 21:16:05', 'Cat, as soon as.', 9),
(1140, 3849, '1982-06-24 22:16:05', 'Cata, as soon as.', 9),
(1141, 6849, '1982-06-25 23:16:05', 'Catz, as soon as.', 9),
(1148, 4849, '1982-06-23 21:16:05', 'Cat, as soon as.', 24),
(1149, 3849, '1982-06-24 22:16:05', 'Cata, as soon as.', 24),
(1150, 6849, '1982-06-25 23:16:05', 'Catz, as soon as.', 24),
(1151, 4849, '1982-06-23 21:16:05', 'Cat, as soon as.', 24),
(1152, 3849, '1982-06-24 22:16:05', 'Cata, as soon as.', 24),
(1153, 6849, '1982-06-25 23:16:05', 'Catz, as soon as.', 24),
(1154, 4849, '1982-06-23 21:16:05', 'Cat, as soon as.', 24),
(1155, 3849, '1982-06-24 22:16:05', 'Cata, as soon as.', 24),
(1156, 6849, '1982-06-25 23:16:05', 'Catz, as soon as.', 24),
(1157, 4849, '1982-06-23 21:16:05', 'Cat, as soon as.', 24),
(1158, 3849, '1982-06-24 22:16:05', 'Cata, as soon as.', 24),
(1159, 6849, '1982-06-25 23:16:05', 'Catz, as soon as.', 24);

-- --------------------------------------------------------

--
-- Structure de la table `user`
--

CREATE TABLE `user` (
  `iduser` int(11) NOT NULL,
  `firstName` varchar(45) NOT NULL,
  `lastName` varchar(45) NOT NULL,
  `username` varchar(45) NOT NULL,
  `password` varchar(255) NOT NULL,
  `ADMIN` tinyint(1) NOT NULL
) ENGINE=InnoDB DEFAULT CHARSET=utf8;

--
-- Contenu de la table `user`
--

INSERT INTO `user` (`iduser`, `firstName`, `lastName`, `username`, `password`, `ADMIN`) VALUES
(1, 'Jonelle', 'Amio', 'jamio', '$2y$10$1MDa0i0brtb831/QrGUqLeg36xlXSX53ZdMD7aEp2eevWE4BbbfUe', 1),
(2, 'Mael', 'Giese', 'mgiese', '$2y$10$EMfLWF5iVHOgGOa96VwRN.I.M4wvsFCQi8qmLjbHHpIBZaHEiWGDq', 1),
(3, 'Yorik', 'Deroche', 'yderoche', '$2y$10$TnImc73iZWzFufI96DG8BeAznDstZPPOmM2YysKLinwhs8dEyBxWC', 1),
(4, 'firstname0', 'lastname0', 'username0', '$2y$10$gCmjiIAxVc1igGDPa9dA5Oz6.4glGcXgQjR0Uo7PARSx4sRVb12WO', 0),
(5, 'firstname1', 'lastname1', 'username1', '$2y$10$KFcec922Rpz5fjOVbgl/U.oy5yymlDTd9sWmOdQtWiVvJugAiKxqq', 0),
(6, 'firstname2', 'lastname2', 'username2', '$2y$10$wT0RDV9I8GKdyN7K7yFEJeRlnYuobEgQi9KLIcRqBXHrjYr2BmeO.', 0),
(7, 'firstname3', 'lastname3', 'username3', '$2y$10$ehT1wbVE7ud4tsLgEl6UPOjWKONICE8UJ2loyNDTJ1UybUs1LBqHu', 0),
(9, 'frederic', 'flouvat', 'unc', '$2y$10$UIcmNhvTPLMaPPrVrR/P.Ovut3u/maGK0XJ8ifk1Xpdoeiwc5/wBC', 0);

-- --------------------------------------------------------

--
-- Structure de la table `userchannel`
--

CREATE TABLE `userchannel` (
  `iduserchannel` int(11) NOT NULL,
  `iduser` int(11) NOT NULL,
  `idchannel` int(11) NOT NULL
) ENGINE=InnoDB DEFAULT CHARSET=utf8;

--
-- Contenu de la table `userchannel`
--

INSERT INTO `userchannel` (`iduserchannel`, `iduser`, `idchannel`) VALUES
(4, 4, 4),
(5, 5, 5),
(6, 6, 6),
(7, 7, 7),
(8, 1, 8),
(9, 2, 9),
(10, 3, 10),
(11, 4, 11),
(12, 5, 12),
(13, 6, 13),
(14, 7, 14),
(15, 1, 15),
(16, 2, 16),
(17, 3, 17),
(18, 4, 18),
(19, 5, 19),
(20, 6, 20),
(21, 7, 21),
(22, 1, 22),
(23, 2, 23),
(24, 3, 24),
(25, 4, 25),
(26, 5, 26),
(27, 6, 27),
(28, 7, 28),
(36, 8, 38),
(38, 3, 40);

--
-- Index pour les tables exportées
--

--
-- Index pour la table `capteur`
--
ALTER TABLE `capteur`
  ADD PRIMARY KEY (`idcapteur`);

--
-- Index pour la table `capteurchannel`
--
ALTER TABLE `capteurchannel`
  ADD PRIMARY KEY (`idcapteurchannel`,`idchannel`,`idcapteur`),
  ADD KEY `fk_capteurchannel_channel1_idx` (`idchannel`),
  ADD KEY `fk_capteurchannel_capteur1_idx` (`idcapteur`);

--
-- Index pour la table `channel`
--
ALTER TABLE `channel`
  ADD PRIMARY KEY (`idchannel`);

--
-- Index pour la table `collaborate`
--
ALTER TABLE `collaborate`
  ADD PRIMARY KEY (`idcollaborate`,`iduser`),
  ADD KEY `fk_collaborate_channel1_idx` (`idchannel`),
  ADD KEY `fk_collaborate_user1_idx` (`iduser`);

--
-- Index pour la table `datalogger`
--
ALTER TABLE `datalogger`
  ADD PRIMARY KEY (`iddatalogger`,`idcapteur`),
  ADD KEY `fk_datalogger_capteur_idx` (`idcapteur`);

--
-- Index pour la table `user`
--
ALTER TABLE `user`
  ADD PRIMARY KEY (`iduser`);

--
-- Index pour la table `userchannel`
--
ALTER TABLE `userchannel`
  ADD PRIMARY KEY (`iduserchannel`),
  ADD KEY `fk_userchannel_user1_idx` (`iduser`),
  ADD KEY `fk_userchannel_channel1_idx` (`idchannel`);

--
-- AUTO_INCREMENT pour les tables exportées
--

--
-- AUTO_INCREMENT pour la table `capteur`
--
ALTER TABLE `capteur`
  MODIFY `idcapteur` int(11) NOT NULL AUTO_INCREMENT, AUTO_INCREMENT=126;
--
-- AUTO_INCREMENT pour la table `capteurchannel`
--
ALTER TABLE `capteurchannel`
  MODIFY `idcapteurchannel` int(11) NOT NULL AUTO_INCREMENT, AUTO_INCREMENT=118;
--
-- AUTO_INCREMENT pour la table `channel`
--
ALTER TABLE `channel`
  MODIFY `idchannel` int(11) NOT NULL AUTO_INCREMENT, AUTO_INCREMENT=41;
--
-- AUTO_INCREMENT pour la table `collaborate`
--
ALTER TABLE `collaborate`
  MODIFY `idcollaborate` int(11) NOT NULL AUTO_INCREMENT, AUTO_INCREMENT=113;
--
-- AUTO_INCREMENT pour la table `datalogger`
--
ALTER TABLE `datalogger`
  MODIFY `iddatalogger` int(11) NOT NULL AUTO_INCREMENT, AUTO_INCREMENT=1169;
--
-- AUTO_INCREMENT pour la table `user`
--
ALTER TABLE `user`
  MODIFY `iduser` int(11) NOT NULL AUTO_INCREMENT, AUTO_INCREMENT=10;
--
-- AUTO_INCREMENT pour la table `userchannel`
--
ALTER TABLE `userchannel`
  MODIFY `iduserchannel` int(11) NOT NULL AUTO_INCREMENT, AUTO_INCREMENT=39;
--
-- Contraintes pour les tables exportées
--

--
-- Contraintes pour la table `capteurchannel`
--
ALTER TABLE `capteurchannel`
  ADD CONSTRAINT `fk_capteurchannel_capteur1` FOREIGN KEY (`idcapteur`) REFERENCES `capteur` (`idcapteur`) ON DELETE NO ACTION ON UPDATE NO ACTION,
  ADD CONSTRAINT `fk_capteurchannel_channel1` FOREIGN KEY (`idchannel`) REFERENCES `channel` (`idchannel`) ON DELETE NO ACTION ON UPDATE NO ACTION;

--
-- Contraintes pour la table `collaborate`
--
ALTER TABLE `collaborate`
  ADD CONSTRAINT `fk_collaborate_channel1` FOREIGN KEY (`idchannel`) REFERENCES `channel` (`idchannel`) ON DELETE NO ACTION ON UPDATE NO ACTION,
  ADD CONSTRAINT `fk_collaborate_user1` FOREIGN KEY (`iduser`) REFERENCES `user` (`iduser`) ON DELETE NO ACTION ON UPDATE NO ACTION;

--
-- Contraintes pour la table `datalogger`
--
ALTER TABLE `datalogger`
  ADD CONSTRAINT `fk_datalogger_capteur` FOREIGN KEY (`idcapteur`) REFERENCES `capteur` (`idcapteur`) ON DELETE NO ACTION ON UPDATE NO ACTION;

--
-- Contraintes pour la table `userchannel`
--
ALTER TABLE `userchannel`
  ADD CONSTRAINT `fk_userchannel_channel1` FOREIGN KEY (`idchannel`) REFERENCES `channel` (`idchannel`) ON DELETE NO ACTION ON UPDATE NO ACTION,
  ADD CONSTRAINT `fk_userchannel_user1` FOREIGN KEY (`iduser`) REFERENCES `user` (`iduser`) ON DELETE NO ACTION ON UPDATE NO ACTION;

/*!40101 SET CHARACTER_SET_CLIENT=@OLD_CHARACTER_SET_CLIENT */;
/*!40101 SET CHARACTER_SET_RESULTS=@OLD_CHARACTER_SET_RESULTS */;
/*!40101 SET COLLATION_CONNECTION=@OLD_COLLATION_CONNECTION */;
